mtllib source/pie_01.mtl
o Cylinder
usemtl Material_001
v -9.21497717499733 -11.349738841409948 46.326814107816396
v -9.734651446342468 9.340805055620306 48.93939061523263
v -19.134172797203064 9.340805149591919 46.193973948759606
v -9.21497717499733 -11.349738841409948 46.326814107816396
v -19.134172797203064 9.340805149591919 46.193973948759606
v -18.11271607875824 -11.349739497512967 43.727959297364954
v -26.242035627365112 -11.349738600001663 39.273978527119276
v -27.721938490867615 9.340805310642816 41.48881027333132
v -35.35533845424652 9.34080552058265 35.35533756380704
v -26.242035627365112 -11.349738600001663 39.273978527119276
v -35.35533845424652 9.34080552058265 35.35533756380704
v -33.46793353557587 -11.349739146327183 33.46793200153231
v -39.273980259895325 -11.349738153937201 26.242034340653525
v -41.48881137371063 9.3408057818628 27.721937861708284
v -46.19397521018982 9.340806075809498 19.13417246199043
v -39.273980259895325 -11.349738153937201 26.242034340653525
v -46.19397521018982 9.340806075809498 19.13417246199043
v -43.7279611825943 -11.34973862074048 18.112715070301384
v -46.32681608200073 -11.349737571125818 9.214976471097128
v -48.93939197063446 9.340806397541407 9.734651432861748
v -50 9.340806730744331 3.197222048374846e-7
v -46.32681608200073 -11.349737571125818 9.214976471097128
v -50 9.340806730744331 3.197222048374846e-7
v -47.33080565929413 -11.34973800076862 -3.884849951974508e-7
v -9.131786227226257 10.338542920323606 45.90858993372667
v -17.949198186397552 10.338543008475707 43.333192530423695
v -19.134172797203064 9.340805149591919 46.193973948759606
v -9.131786227226257 10.338542920323606 45.90858993372667
v -19.134172797203064 9.340805149591919 46.193973948759606
v -9.734651446342468 9.340805055620306 48.93939061523263
v -26.005125045776367 10.338543159552673 38.919421052167166
v -33.165791630744934 10.338543356491051 33.16579084940156
v -35.35533845424652 9.34080552058265 35.35533756380704
v -26.005125045776367 10.338543159552673 38.919421052167166
v -35.35533845424652 9.34080552058265 35.35533756380704
v -27.721938490867615 9.340805310642816 41.48881027333132
v -38.919422030448914 10.338543601590228 26.00512450953217
v -43.33319365978241 10.338543877332857 17.949197925895984
v -46.19397521018982 9.340806075809498 19.13417246199043
v -38.919422030448914 10.338543601590228 26.00512450953217
v -46.19397521018982 9.340806075809498 19.13417246199043
v -41.48881137371063 9.3408057818628 27.721937861708284
v -45.90859115123749 10.338544179140012 9.131786268531844
v -46.90351486206055 10.338544491707738 3.5387331469129226e-7
v -50 9.340806730744331 3.197222048374846e-7
v -45.90859115123749 10.338544179140012 9.131786268531844
v -50 9.340806730744331 3.197222048374846e-7
v -48.93939197063446 9.340806397541407 9.734651432861748
v -8.502975851297379 9.9481847726753 42.74734146385004
v 0 9.948184740965393 43.6737585444906
v 0 7.3599880259756025 42.49688862695076
v -8.502975851297379 9.9481847726753 42.74734146385004
v 0 7.3599880259756025 42.49688862695076
v -8.27384740114212 7.35998805683098 41.59543695091985
v -24.214424192905426 9.948184995431035 36.23944728982386
v -16.713224351406097 9.948184854757152 40.349288734309276
v -16.262856125831604 7.359988136701072 39.26200161456833
v -24.214424192905426 9.948184995431035 36.23944728982386
v -16.262856125831604 7.359988136701072 39.26200161456833
v -23.56192171573639 7.3599882735844036 35.26290261605279
v -36.23944818973541 9.948185407030072 24.214423704592914
v -30.882009863853455 9.948185178808338 30.882009147319206
v -30.04983365535736 7.359988452020185 30.049832878717087
v -36.23944818973541 9.948185407030072 24.214423704592914
v -30.04983365535736 7.359988452020185 30.049832878717087
v -35.262903571128845 7.359988674091951 23.56192116116788
v -42.747342586517334 9.948185944810039 8.502975900764834
v -40.349289774894714 9.948185663785205 16.713224119848718
v -39.26200270652771 7.359988923928323 16.262855821099468
v -42.747342586517334 9.948185944810039 8.502975900764834
v -39.26200270652771 7.359988923928323 16.262855821099468
v -41.59543812274933 7.359989197380441 8.273847369862105
v -11.418449133634567 8.448124934328307 27.566572369399523
v -16.262856125831604 7.359988136701072 39.26200161456833
v -8.27384740114212 7.35998805683098 41.59543695091985
v -21.098540723323822 8.448125155719621 21.098540290318578
v -30.04983365535736 7.359988452020185 30.049832878717087
v -23.56192171573639 7.3599882735844036 35.26290261605279
v -27.56657302379608 8.44812548705504 11.418449031964743
v -39.26200270652771 7.359988923928323 16.262855821099468
v -35.262903571128845 7.359988674091951 23.56192116116788
v -29.837849736213684 8.448125877891904 2.891670398803952e-7
v -42.49688982963562 7.359989480582174 2.5192171641527074e-7
v -41.59543812274933 7.359989197380441 8.273847369862105
v 0 9.114736006604122 3.119841333352221e-7
v -11.418449133634567 8.448124934328307 27.566572369399523
v 0 8.448124856585816 29.837849004074634
v 0 9.114736006604122 3.119841333352221e-7
v -21.098540723323822 8.448125155719621 21.098540290318578
v -11.418449133634567 8.448124934328307 27.566572369399523
v 0 9.114736006604122 3.119841333352221e-7
v -27.56657302379608 8.44812548705504 11.418449031964743
v -21.098540723323822 8.448125155719621 21.098540290318578
v 0 9.114736006604122 3.119841333352221e-7
v -29.837849736213684 8.448125877891904 2.891670398803952e-7
v -27.56657302379608 8.44812548705504 11.418449031964743
v -42.747342586517334 9.948185944810039 8.502975900764834
v -43.6737596988678 9.948186235854504 3.405119203454352e-7
v -46.90351486206055 10.338544491707738 3.5387331469129226e-7
v -42.747342586517334 9.948185944810039 8.502975900764834
v -46.90351486206055 10.338544491707738 3.5387331469129226e-7
v -45.90859115123749 10.338544179140012 9.131786268531844
v -36.23944818973541 9.948185407030072 24.214423704592914
v -40.349289774894714 9.948185663785205 16.713224119848718
v -43.33319365978241 10.338543877332857 17.949197925895984
v -36.23944818973541 9.948185407030072 24.214423704592914
v -43.33319365978241 10.338543877332857 17.949197925895984
v -38.919422030448914 10.338543601590228 26.00512450953217
v -24.214424192905426 9.948184995431035 36.23944728982386
v -30.882009863853455 9.948185178808338 30.882009147319206
v -33.165791630744934 10.338543356491051 33.16579084940156
v -24.214424192905426 9.948184995431035 36.23944728982386
v -33.165791630744934 10.338543356491051 33.16579084940156
v -26.005125045776367 10.338543159552673 38.919421052167166
v -8.502975851297379 9.9481847726753 42.74734146385004
v -16.713224351406097 9.948184854757152 40.349288734309276
v -17.949198186397552 10.338543008475707 43.333192530423695
v -8.502975851297379 9.9481847726753 42.74734146385004
v -17.949198186397552 10.338543008475707 43.333192530423695
v -9.131786227226257 10.338542920323606 45.90858993372667
v -47.33080565929413 -11.34973800076862 -3.884849951974508e-7
v 0 -11.34973800076862 -3.884849951974508e-7
v 0 -11.34973962083308 47.33080365074467
v -47.33080565929413 -11.34973800076862 -3.884849951974508e-7
v 0 -11.34973962083308 47.33080365074467
v -9.21497717499733 -11.349738841409948 46.326814107816396
v -47.33080565929413 -11.34973800076862 -3.884849951974508e-7
v -9.21497717499733 -11.349738841409948 46.326814107816396
v -18.11271607875824 -11.349739497512967 43.727959297364954
v -47.33080565929413 -11.34973800076862 -3.884849951974508e-7
v -18.11271607875824 -11.349739497512967 43.727959297364954
v -26.242035627365112 -11.349738600001663 39.273978527119276
v -47.33080565929413 -11.34973800076862 -3.884849951974508e-7
v -26.242035627365112 -11.349738600001663 39.273978527119276
v -33.46793353557587 -11.349739146327183 33.46793200153231
v -47.33080565929413 -11.34973800076862 -3.884849951974508e-7
v -33.46793353557587 -11.349739146327183 33.46793200153231
v -39.273980259895325 -11.349738153937201 26.242034340653525
v -47.33080565929413 -11.34973800076862 -3.884849951974508e-7
v -39.273980259895325 -11.349738153937201 26.242034340653525
v -43.7279611825943 -11.34973862074048 18.112715070301384
v -47.33080565929413 -11.34973800076862 -3.884849951974508e-7
v -43.7279611825943 -11.34973862074048 18.112715070301384
v -46.32681608200073 -11.349737571125818 9.214976471097128
v 0 9.948184740965393 43.6737585444906
v -8.502975851297379 9.9481847726753 42.74734146385004
v -9.131786227226257 10.338542920323606 45.90858993372667
v 0 9.948184740965393 43.6737585444906
v -9.131786227226257 10.338542920323606 45.90858993372667
v 0 10.338542886268819 46.90351361049494
v -16.713224351406097 9.948184854757152 40.349288734309276
v -24.214424192905426 9.948184995431035 36.23944728982386
v -26.005125045776367 10.338543159552673 38.919421052167166
v -16.713224351406097 9.948184854757152 40.349288734309276
v -26.005125045776367 10.338543159552673 38.919421052167166
v -17.949198186397552 10.338543008475707 43.333192530423695
v -30.882009863853455 9.948185178808338 30.882009147319206
v -36.23944818973541 9.948185407030072 24.214423704592914
v -38.919422030448914 10.338543601590228 26.00512450953217
v -30.882009863853455 9.948185178808338 30.882009147319206
v -38.919422030448914 10.338543601590228 26.00512450953217
v -33.165791630744934 10.338543356491051 33.16579084940156
v -40.349289774894714 9.948185663785205 16.713224119848718
v -42.747342586517334 9.948185944810039 8.502975900764834
v -45.90859115123749 10.338544179140012 9.131786268531844
v -40.349289774894714 9.948185663785205 16.713224119848718
v -45.90859115123749 10.338544179140012 9.131786268531844
v -43.33319365978241 10.338543877332857 17.949197925895984
v -43.6737596988678 9.948186235854504 3.405119203454352e-7
v -42.747342586517334 9.948185944810039 8.502975900764834
v -41.59543812274933 7.359989197380441 8.273847369862105
v -43.6737596988678 9.948186235854504 3.405119203454352e-7
v -41.59543812274933 7.359989197380441 8.273847369862105
v -42.49688982963562 7.359989480582174 2.5192171641527074e-7
v -40.349289774894714 9.948185663785205 16.713224119848718
v -36.23944818973541 9.948185407030072 24.214423704592914
v -35.262903571128845 7.359988674091951 23.56192116116788
v -40.349289774894714 9.948185663785205 16.713224119848718
v -35.262903571128845 7.359988674091951 23.56192116116788
v -39.26200270652771 7.359988923928323 16.262855821099468
v -30.882009863853455 9.948185178808338 30.882009147319206
v -24.214424192905426 9.948184995431035 36.23944728982386
v -23.56192171573639 7.3599882735844036 35.26290261605279
v -30.882009863853455 9.948185178808338 30.882009147319206
v -23.56192171573639 7.3599882735844036 35.26290261605279
v -30.04983365535736 7.359988452020185 30.049832878717087
v -16.713224351406097 9.948184854757152 40.349288734309276
v -8.502975851297379 9.9481847726753 42.74734146385004
v -8.27384740114212 7.35998805683098 41.59543695091985
v -16.713224351406097 9.948184854757152 40.349288734309276
v -8.27384740114212 7.35998805683098 41.59543695091985
v -16.262856125831604 7.359988136701072 39.26200161456833
v -43.33319365978241 10.338543877332857 17.949197925895984
v -45.90859115123749 10.338544179140012 9.131786268531844
v -48.93939197063446 9.340806397541407 9.734651432861748
v -43.33319365978241 10.338543877332857 17.949197925895984
v -48.93939197063446 9.340806397541407 9.734651432861748
v -46.19397521018982 9.340806075809498 19.13417246199043
v -33.165791630744934 10.338543356491051 33.16579084940156
v -38.919422030448914 10.338543601590228 26.00512450953217
v -41.48881137371063 9.3408057818628 27.721937861708284
v -33.165791630744934 10.338543356491051 33.16579084940156
v -41.48881137371063 9.3408057818628 27.721937861708284
v -35.35533845424652 9.34080552058265 35.35533756380704
v -17.949198186397552 10.338543008475707 43.333192530423695
v -26.005125045776367 10.338543159552673 38.919421052167166
v -27.721938490867615 9.340805310642816 41.48881027333132
v -17.949198186397552 10.338543008475707 43.333192530423695
v -27.721938490867615 9.340805310642816 41.48881027333132
v -19.134172797203064 9.340805149591919 46.193973948759606
v 0 10.338542886268819 46.90351361049494
v -9.131786227226257 10.338542920323606 45.90858993372667
v -9.734651446342468 9.340805055620306 48.93939061523263
v 0 10.338542886268819 46.90351361049494
v -9.734651446342468 9.340805055620306 48.93939061523263
v 0 9.34080501931724 49.99999860829511
v -43.7279611825943 -11.34973862074048 18.112715070301384
v -46.19397521018982 9.340806075809498 19.13417246199043
v -48.93939197063446 9.340806397541407 9.734651432861748
v -43.7279611825943 -11.34973862074048 18.112715070301384
v -48.93939197063446 9.340806397541407 9.734651432861748
v -46.32681608200073 -11.349737571125818 9.214976471097128
v -33.46793353557587 -11.349739146327183 33.46793200153231
v -35.35533845424652 9.34080552058265 35.35533756380704
v -41.48881137371063 9.3408057818628 27.721937861708284
v -33.46793353557587 -11.349739146327183 33.46793200153231
v -41.48881137371063 9.3408057818628 27.721937861708284
v -39.273980259895325 -11.349738153937201 26.242034340653525
v -18.11271607875824 -11.349739497512967 43.727959297364954
v -19.134172797203064 9.340805149591919 46.193973948759606
v -27.721938490867615 9.340805310642816 41.48881027333132
v -18.11271607875824 -11.349739497512967 43.727959297364954
v -27.721938490867615 9.340805310642816 41.48881027333132
v -26.242035627365112 -11.349738600001663 39.273978527119276
v 0 -11.34973962083308 47.33080365074467
v 0 9.34080501931724 49.99999860829511
v -9.734651446342468 9.340805055620306 48.93939061523263
v 0 -11.34973962083308 47.33080365074467
v -9.734651446342468 9.340805055620306 48.93939061523263
v -9.21497717499733 -11.349738841409948 46.326814107816396
v 0 7.3599880259756025 42.49688862695076
v 0 8.448124856585816 29.837849004074634
v -8.27384740114212 7.35998805683098 41.59543695091985
v 0 8.448124856585816 29.837849004074634
v -11.418449133634567 8.448124934328307 27.566572369399523
v -8.27384740114212 7.35998805683098 41.59543695091985
v -16.262856125831604 7.359988136701072 39.26200161456833
v -11.418449133634567 8.448124934328307 27.566572369399523
v -23.56192171573639 7.3599882735844036 35.26290261605279
v -11.418449133634567 8.448124934328307 27.566572369399523
v -21.098540723323822 8.448125155719621 21.098540290318578
v -23.56192171573639 7.3599882735844036 35.26290261605279
v -30.04983365535736 7.359988452020185 30.049832878717087
v -21.098540723323822 8.448125155719621 21.098540290318578
v -35.262903571128845 7.359988674091951 23.56192116116788
v -21.098540723323822 8.448125155719621 21.098540290318578
v -27.56657302379608 8.44812548705504 11.418449031964743
v -35.262903571128845 7.359988674091951 23.56192116116788
v -39.26200270652771 7.359988923928323 16.262855821099468
v -27.56657302379608 8.44812548705504 11.418449031964743
v -41.59543812274933 7.359989197380441 8.273847369862105
v -27.56657302379608 8.44812548705504 11.418449031964743
v -29.837849736213684 8.448125877891904 2.891670398803952e-7
v -41.59543812274933 7.359989197380441 8.273847369862105
v 9.21497717499733 -11.349738841409948 46.326814107816396
v 18.11271607875824 -11.349739497512967 43.727959297364954
v 19.134172797203064 9.340805149591919 46.193973948759606
v 9.21497717499733 -11.349738841409948 46.326814107816396
v 19.134172797203064 9.340805149591919 46.193973948759606
v 9.734651446342468 9.340805055620306 48.93939061523263
v 26.242035627365112 -11.349738600001663 39.273978527119276
v 33.46793353557587 -11.349739146327183 33.46793200153231
v 35.35533845424652 9.34080552058265 35.35533756380704
v 26.242035627365112 -11.349738600001663 39.273978527119276
v 35.35533845424652 9.34080552058265 35.35533756380704
v 27.721938490867615 9.340805310642816 41.48881027333132
v 39.273980259895325 -11.349738153937201 26.242034340653525
v 43.7279611825943 -11.34973862074048 18.112715070301384
v 46.19397521018982 9.340806075809498 19.13417246199043
v 39.273980259895325 -11.349738153937201 26.242034340653525
v 46.19397521018982 9.340806075809498 19.13417246199043
v 41.48881137371063 9.3408057818628 27.721937861708284
v 46.32681608200073 -11.349737571125818 9.214976471097128
v 47.33080565929413 -11.34973800076862 -3.884849951974508e-7
v 50 9.340806730744331 3.197222048374846e-7
v 46.32681608200073 -11.349737571125818 9.214976471097128
v 50 9.340806730744331 3.197222048374846e-7
v 48.93939197063446 9.340806397541407 9.734651432861748
v 9.131786227226257 10.338542920323606 45.90858993372667
v 9.734651446342468 9.340805055620306 48.93939061523263
v 19.134172797203064 9.340805149591919 46.193973948759606
v 9.131786227226257 10.338542920323606 45.90858993372667
v 19.134172797203064 9.340805149591919 46.193973948759606
v 17.949198186397552 10.338543008475707 43.333192530423695
v 26.005125045776367 10.338543159552673 38.919421052167166
v 27.721938490867615 9.340805310642816 41.48881027333132
v 35.35533845424652 9.34080552058265 35.35533756380704
v 26.005125045776367 10.338543159552673 38.919421052167166
v 35.35533845424652 9.34080552058265 35.35533756380704
v 33.165791630744934 10.338543356491051 33.16579084940156
v 38.919422030448914 10.338543601590228 26.00512450953217
v 41.48881137371063 9.3408057818628 27.721937861708284
v 46.19397521018982 9.340806075809498 19.13417246199043
v 38.919422030448914 10.338543601590228 26.00512450953217
v 46.19397521018982 9.340806075809498 19.13417246199043
v 43.33319365978241 10.338543877332857 17.949197925895984
v 45.90859115123749 10.338544179140012 9.131786268531844
v 48.93939197063446 9.340806397541407 9.734651432861748
v 50 9.340806730744331 3.197222048374846e-7
v 45.90859115123749 10.338544179140012 9.131786268531844
v 50 9.340806730744331 3.197222048374846e-7
v 46.90351486206055 10.338544491707738 3.5387331469129226e-7
v 8.502975851297379 9.9481847726753 42.74734146385004
v 8.27384740114212 7.35998805683098 41.59543695091985
v 0 7.3599880259756025 42.49688862695076
v 8.502975851297379 9.9481847726753 42.74734146385004
v 0 7.3599880259756025 42.49688862695076
v 0 9.948184740965393 43.6737585444906
v 24.214424192905426 9.948184995431035 36.23944728982386
v 23.56192171573639 7.3599882735844036 35.26290261605279
v 16.262856125831604 7.359988136701072 39.26200161456833
v 24.214424192905426 9.948184995431035 36.23944728982386
v 16.262856125831604 7.359988136701072 39.26200161456833
v 16.713224351406097 9.948184854757152 40.349288734309276
v 36.23944818973541 9.948185407030072 24.214423704592914
v 35.262903571128845 7.359988674091951 23.56192116116788
v 30.04983365535736 7.359988452020185 30.049832878717087
v 36.23944818973541 9.948185407030072 24.214423704592914
v 30.04983365535736 7.359988452020185 30.049832878717087
v 30.882009863853455 9.948185178808338 30.882009147319206
v 42.747342586517334 9.948185944810039 8.502975900764834
v 41.59543812274933 7.359989197380441 8.273847369862105
v 39.26200270652771 7.359988923928323 16.262855821099468
v 42.747342586517334 9.948185944810039 8.502975900764834
v 39.26200270652771 7.359988923928323 16.262855821099468
v 40.349289774894714 9.948185663785205 16.713224119848718
v 11.418449133634567 8.448124934328307 27.566572369399523
v 8.27384740114212 7.35998805683098 41.59543695091985
v 16.262856125831604 7.359988136701072 39.26200161456833
v 21.098540723323822 8.448125155719621 21.098540290318578
v 23.56192171573639 7.3599882735844036 35.26290261605279
v 30.04983365535736 7.359988452020185 30.049832878717087
v 27.56657302379608 8.44812548705504 11.418449031964743
v 35.262903571128845 7.359988674091951 23.56192116116788
v 39.26200270652771 7.359988923928323 16.262855821099468
v 29.837849736213684 8.448125877891904 2.891670398803952e-7
v 41.59543812274933 7.359989197380441 8.273847369862105
v 42.49688982963562 7.359989480582174 2.5192171641527074e-7
v 0 9.114736006604122 3.119841333352221e-7
v 0 8.448124856585816 29.837849004074634
v 11.418449133634567 8.448124934328307 27.566572369399523
v 0 9.114736006604122 3.119841333352221e-7
v 11.418449133634567 8.448124934328307 27.566572369399523
v 21.098540723323822 8.448125155719621 21.098540290318578
v 0 9.114736006604122 3.119841333352221e-7
v 21.098540723323822 8.448125155719621 21.098540290318578
v 27.56657302379608 8.44812548705504 11.418449031964743
v 0 9.114736006604122 3.119841333352221e-7
v 27.56657302379608 8.44812548705504 11.418449031964743
v 29.837849736213684 8.448125877891904 2.891670398803952e-7
v 42.747342586517334 9.948185944810039 8.502975900764834
v 45.90859115123749 10.338544179140012 9.131786268531844
v 46.90351486206055 10.338544491707738 3.5387331469129226e-7
v 42.747342586517334 9.948185944810039 8.502975900764834
v 46.90351486206055 10.338544491707738 3.5387331469129226e-7
v 43.6737596988678 9.948186235854504 3.405119203454352e-7
v 36.23944818973541 9.948185407030072 24.214423704592914
v 38.919422030448914 10.338543601590228 26.00512450953217
v 43.33319365978241 10.338543877332857 17.949197925895984
v 36.23944818973541 9.948185407030072 24.214423704592914
v 43.33319365978241 10.338543877332857 17.949197925895984
v 40.349289774894714 9.948185663785205 16.713224119848718
v 24.214424192905426 9.948184995431035 36.23944728982386
v 26.005125045776367 10.338543159552673 38.919421052167166
v 33.165791630744934 10.338543356491051 33.16579084940156
v 24.214424192905426 9.948184995431035 36.23944728982386
v 33.165791630744934 10.338543356491051 33.16579084940156
v 30.882009863853455 9.948185178808338 30.882009147319206
v 8.502975851297379 9.9481847726753 42.74734146385004
v 9.131786227226257 10.338542920323606 45.90858993372667
v 17.949198186397552 10.338543008475707 43.333192530423695
v 8.502975851297379 9.9481847726753 42.74734146385004
v 17.949198186397552 10.338543008475707 43.333192530423695
v 16.713224351406097 9.948184854757152 40.349288734309276
v 47.33080565929413 -11.34973800076862 -3.884849951974508e-7
v 46.32681608200073 -11.349737571125818 9.214976471097128
v 43.7279611825943 -11.34973862074048 18.112715070301384
v 47.33080565929413 -11.34973800076862 -3.884849951974508e-7
v 43.7279611825943 -11.34973862074048 18.112715070301384
v 39.273980259895325 -11.349738153937201 26.242034340653525
v 47.33080565929413 -11.34973800076862 -3.884849951974508e-7
v 39.273980259895325 -11.349738153937201 26.242034340653525
v 33.46793353557587 -11.349739146327183 33.46793200153231
v 47.33080565929413 -11.34973800076862 -3.884849951974508e-7
v 33.46793353557587 -11.349739146327183 33.46793200153231
v 26.242035627365112 -11.349738600001663 39.273978527119276
v 47.33080565929413 -11.34973800076862 -3.884849951974508e-7
v 26.242035627365112 -11.349738600001663 39.273978527119276
v 18.11271607875824 -11.349739497512967 43.727959297364954
v 47.33080565929413 -11.34973800076862 -3.884849951974508e-7
v 18.11271607875824 -11.349739497512967 43.727959297364954
v 9.21497717499733 -11.349738841409948 46.326814107816396
v 47.33080565929413 -11.34973800076862 -3.884849951974508e-7
v 9.21497717499733 -11.349738841409948 46.326814107816396
v 0 -11.34973962083308 47.33080365074467
v 47.33080565929413 -11.34973800076862 -3.884849951974508e-7
v 0 -11.34973962083308 47.33080365074467
v 0 -11.34973800076862 -3.884849951974508e-7
v 0 9.948184740965393 43.6737585444906
v 0 10.338542886268819 46.90351361049494
v 9.131786227226257 10.338542920323606 45.90858993372667
v 0 9.948184740965393 43.6737585444906
v 9.131786227226257 10.338542920323606 45.90858993372667
v 8.502975851297379 9.9481847726753 42.74734146385004
v 16.713224351406097 9.948184854757152 40.349288734309276
v 17.949198186397552 10.338543008475707 43.333192530423695
v 26.005125045776367 10.338543159552673 38.919421052167166
v 16.713224351406097 9.948184854757152 40.349288734309276
v 26.005125045776367 10.338543159552673 38.919421052167166
v 24.214424192905426 9.948184995431035 36.23944728982386
v 30.882009863853455 9.948185178808338 30.882009147319206
v 33.165791630744934 10.338543356491051 33.16579084940156
v 38.919422030448914 10.338543601590228 26.00512450953217
v 30.882009863853455 9.948185178808338 30.882009147319206
v 38.919422030448914 10.338543601590228 26.00512450953217
v 36.23944818973541 9.948185407030072 24.214423704592914
v 40.349289774894714 9.948185663785205 16.713224119848718
v 43.33319365978241 10.338543877332857 17.949197925895984
v 45.90859115123749 10.338544179140012 9.131786268531844
v 40.349289774894714 9.948185663785205 16.713224119848718
v 45.90859115123749 10.338544179140012 9.131786268531844
v 42.747342586517334 9.948185944810039 8.502975900764834
v 43.6737596988678 9.948186235854504 3.405119203454352e-7
v 42.49688982963562 7.359989480582174 2.5192171641527074e-7
v 41.59543812274933 7.359989197380441 8.273847369862105
v 43.6737596988678 9.948186235854504 3.405119203454352e-7
v 41.59543812274933 7.359989197380441 8.273847369862105
v 42.747342586517334 9.948185944810039 8.502975900764834
v 40.349289774894714 9.948185663785205 16.713224119848718
v 39.26200270652771 7.359988923928323 16.262855821099468
v 35.262903571128845 7.359988674091951 23.56192116116788
v 40.349289774894714 9.948185663785205 16.713224119848718
v 35.262903571128845 7.359988674091951 23.56192116116788
v 36.23944818973541 9.948185407030072 24.214423704592914
v 30.882009863853455 9.948185178808338 30.882009147319206
v 30.04983365535736 7.359988452020185 30.049832878717087
v 23.56192171573639 7.3599882735844036 35.26290261605279
v 30.882009863853455 9.948185178808338 30.882009147319206
v 23.56192171573639 7.3599882735844036 35.26290261605279
v 24.214424192905426 9.948184995431035 36.23944728982386
v 16.713224351406097 9.948184854757152 40.349288734309276
v 16.262856125831604 7.359988136701072 39.26200161456833
v 8.27384740114212 7.35998805683098 41.59543695091985
v 16.713224351406097 9.948184854757152 40.349288734309276
v 8.27384740114212 7.35998805683098 41.59543695091985
v 8.502975851297379 9.9481847726753 42.74734146385004
v 43.33319365978241 10.338543877332857 17.949197925895984
v 46.19397521018982 9.340806075809498 19.13417246199043
v 48.93939197063446 9.340806397541407 9.734651432861748
v 43.33319365978241 10.338543877332857 17.949197925895984
v 48.93939197063446 9.340806397541407 9.734651432861748
v 45.90859115123749 10.338544179140012 9.131786268531844
v 33.165791630744934 10.338543356491051 33.16579084940156
v 35.35533845424652 9.34080552058265 35.35533756380704
v 41.48881137371063 9.3408057818628 27.721937861708284
v 33.165791630744934 10.338543356491051 33.16579084940156
v 41.48881137371063 9.3408057818628 27.721937861708284
v 38.919422030448914 10.338543601590228 26.00512450953217
v 17.949198186397552 10.338543008475707 43.333192530423695
v 19.134172797203064 9.340805149591919 46.193973948759606
v 27.721938490867615 9.340805310642816 41.48881027333132
v 17.949198186397552 10.338543008475707 43.333192530423695
v 27.721938490867615 9.340805310642816 41.48881027333132
v 26.005125045776367 10.338543159552673 38.919421052167166
v 0 10.338542886268819 46.90351361049494
v 0 9.34080501931724 49.99999860829511
v 9.734651446342468 9.340805055620306 48.93939061523263
v 0 10.338542886268819 46.90351361049494
v 9.734651446342468 9.340805055620306 48.93939061523263
v 9.131786227226257 10.338542920323606 45.90858993372667
v 43.7279611825943 -11.34973862074048 18.112715070301384
v 46.32681608200073 -11.349737571125818 9.214976471097128
v 48.93939197063446 9.340806397541407 9.734651432861748
v 43.7279611825943 -11.34973862074048 18.112715070301384
v 48.93939197063446 9.340806397541407 9.734651432861748
v 46.19397521018982 9.340806075809498 19.13417246199043
v 33.46793353557587 -11.349739146327183 33.46793200153231
v 39.273980259895325 -11.349738153937201 26.242034340653525
v 41.48881137371063 9.3408057818628 27.721937861708284
v 33.46793353557587 -11.349739146327183 33.46793200153231
v 41.48881137371063 9.3408057818628 27.721937861708284
v 35.35533845424652 9.34080552058265 35.35533756380704
v 18.11271607875824 -11.349739497512967 43.727959297364954
v 26.242035627365112 -11.349738600001663 39.273978527119276
v 27.721938490867615 9.340805310642816 41.48881027333132
v 18.11271607875824 -11.349739497512967 43.727959297364954
v 27.721938490867615 9.340805310642816 41.48881027333132
v 19.134172797203064 9.340805149591919 46.193973948759606
v 0 -11.34973962083308 47.33080365074467
v 9.21497717499733 -11.349738841409948 46.326814107816396
v 9.734651446342468 9.340805055620306 48.93939061523263
v 0 -11.34973962083308 47.33080365074467
v 9.734651446342468 9.340805055620306 48.93939061523263
v 0 9.34080501931724 49.99999860829511
v 0 7.3599880259756025 42.49688862695076
v 8.27384740114212 7.35998805683098 41.59543695091985
v 0 8.448124856585816 29.837849004074634
v 0 8.448124856585816 29.837849004074634
v 8.27384740114212 7.35998805683098 41.59543695091985
v 11.418449133634567 8.448124934328307 27.566572369399523
v 16.262856125831604 7.359988136701072 39.26200161456833
v 23.56192171573639 7.3599882735844036 35.26290261605279
v 11.418449133634567 8.448124934328307 27.566572369399523
v 11.418449133634567 8.448124934328307 27.566572369399523
v 23.56192171573639 7.3599882735844036 35.26290261605279
v 21.098540723323822 8.448125155719621 21.098540290318578
v 30.04983365535736 7.359988452020185 30.049832878717087
v 35.262903571128845 7.359988674091951 23.56192116116788
v 21.098540723323822 8.448125155719621 21.098540290318578
v 21.098540723323822 8.448125155719621 21.098540290318578
v 35.262903571128845 7.359988674091951 23.56192116116788
v 27.56657302379608 8.44812548705504 11.418449031964743
v 39.26200270652771 7.359988923928323 16.262855821099468
v 41.59543812274933 7.359989197380441 8.273847369862105
v 27.56657302379608 8.44812548705504 11.418449031964743
v 27.56657302379608 8.44812548705504 11.418449031964743
v 41.59543812274933 7.359989197380441 8.273847369862105
v 29.837849736213684 8.448125877891904 2.891670398803952e-7
v -9.21497717499733 -11.349735670011224 -46.32681488478634
v -18.11271607875824 -11.349736504024271 -43.72796007433494
v -19.134172797203064 9.340808311896744 -46.1939733093152
v -9.21497717499733 -11.349735670011224 -46.32681488478634
v -19.134172797203064 9.340808311896744 -46.1939733093152
v -9.734651446342468 9.340808405868357 -48.939389975788224
v -26.242035627365112 -11.34973591141951 -39.27397930408922
v -33.46793353557587 -11.349736855210056 -33.467932778502295
v -35.35533845424652 9.340807940906013 -35.35533692436263
v -26.242035627365112 -11.34973591141951 -39.27397930408922
v -35.35533845424652 9.340807940906013 -35.35533692436263
v -27.721938490867615 9.340808150845847 -41.48880963388691
v -39.273980259895325 -11.349736357483971 -26.242035117623466
v -43.7279611825943 -11.349737380796759 -18.112715847271375
v -46.19397521018982 9.340807385679165 -19.134171822546023
v -39.273980259895325 -11.349736357483971 -26.242035117623466
v -46.19397521018982 9.340807385679165 -19.134171822546023
v -41.48881137371063 9.340807679625863 -27.721937222263875
v -46.32681608200073 -11.349736940295355 -9.214977248067068
v -47.33080565929413 -11.34973800076862 -3.884849951974508e-7
v -50 9.340806730744331 3.197222048374846e-7
v -46.32681608200073 -11.349736940295355 -9.214977248067068
v -50 9.340806730744331 3.197222048374846e-7
v -48.93939197063446 9.340807063947256 -9.73465079341734
v -9.131786227226257 10.33854606309187 -45.90858922598003
v -9.734651446342468 9.340808405868357 -48.939389975788224
v -19.134172797203064 9.340808311896744 -46.1939733093152
v -9.131786227226257 10.33854606309187 -45.90858922598003
v -19.134172797203064 9.340808311896744 -46.1939733093152
v -17.949198186397552 10.33854597493977 -43.33319182267706
v -26.005125045776367 10.338545823862804 -38.91942034442053
v -27.721938490867615 9.340808150845847 -41.48880963388691
v -35.35533845424652 9.340807940906013 -35.35533692436263
v -26.005125045776367 10.338545823862804 -38.91942034442053
v -35.35533845424652 9.340807940906013 -35.35533692436263
v -33.165791630744934 10.338545626924425 -33.165790141654924
v -38.919422030448914 10.338545381825249 -26.00512380178554
v -41.48881137371063 9.340807679625863 -27.721937222263875
v -46.19397521018982 9.340807385679165 -19.134171822546023
v -38.919422030448914 10.338545381825249 -26.00512380178554
v -46.19397521018982 9.340807385679165 -19.134171822546023
v -43.33319365978241 10.33854510608262 -17.949197218149354
v -45.90859115123749 10.338544804275465 -9.131785560785215
v -48.93939197063446 9.340807063947256 -9.73465079341734
v -50 9.340806730744331 3.197222048374846e-7
v -45.90859115123749 10.338544804275465 -9.131785560785215
v -50 9.340806730744331 3.197222048374846e-7
v -46.90351486206055 10.338544491707738 3.5387331469129226e-7
v -8.502975851297379 9.948187699033708 -42.74734078282621
v -8.27384740114212 7.359990904333367 -41.59543644707641
v 0 7.359990935188745 -42.496888123107325
v -8.502975851297379 9.948187699033708 -42.74734078282621
v 0 7.359990935188745 -42.496888123107325
v 0 9.948187730743614 -43.67375786346677
v -24.214424192905426 9.948187476277973 -36.23944660880002
v -23.56192171573639 7.359990687579944 -35.26290211220935
v -16.262856125831604 7.359990824463275 -39.26200111072489
v -24.214424192905426 9.948187476277973 -36.23944660880002
v -16.262856125831604 7.359990824463275 -39.26200111072489
v -16.713224351406097 9.948187616951856 -40.34928805328544
v -36.23944818973541 9.948187064678935 -24.214423023569072
v -35.262903571128845 7.359990287072397 -23.56192065732445
v -30.04983365535736 7.359990509144162 -30.049832374873656
v -36.23944818973541 9.948187064678935 -24.214423023569072
v -30.04983365535736 7.359990509144162 -30.049832374873656
v -30.882009863853455 9.94818729290067 -30.882008466295364
v -42.747342586517334 9.948186526898969 -8.502975219740993
v -41.59543812274933 7.359989763783906 -8.27384686601867
v -39.26200270652771 7.359990037236025 -16.262855317256037
v -42.747342586517334 9.948186526898969 -8.502975219740993
v -39.26200270652771 7.359990037236025 -16.262855317256037
v -40.349289774894714 9.948186807923802 -16.713223438824876
v -11.418449133634567 8.448126821455501 -27.566571791065442
v -8.27384740114212 7.359990904333367 -41.59543644707641
v -16.262856125831604 7.359990824463275 -39.26200111072489
v -21.098540723323822 8.448126600064187 -21.098539711984497
v -23.56192171573639 7.359990687579944 -35.26290211220935
v -30.04983365535736 7.359990509144162 -30.049832374873656
v -27.56657302379608 8.448126268728767 -11.418448453630662
v -35.262903571128845 7.359990287072397 -23.56192065732445
v -39.26200270652771 7.359990037236025 -16.262855317256037
v -29.837849736213684 8.448125877891904 2.891670398803952e-7
v -41.59543812274933 7.359989763783906 -8.27384686601867
v -42.49688982963562 7.359989480582174 2.5192171641527074e-7
v 0 9.114736006604122 3.119841333352221e-7
v 0 8.448126899197993 -29.837848425740553
v -11.418449133634567 8.448126821455501 -27.566571791065442
v 0 9.114736006604122 3.119841333352221e-7
v -11.418449133634567 8.448126821455501 -27.566571791065442
v -21.098540723323822 8.448126600064187 -21.098539711984497
v 0 9.114736006604122 3.119841333352221e-7
v -21.098540723323822 8.448126600064187 -21.098539711984497
v -27.56657302379608 8.448126268728767 -11.418448453630662
v 0 9.114736006604122 3.119841333352221e-7
v -27.56657302379608 8.448126268728767 -11.418448453630662
v -29.837849736213684 8.448125877891904 2.891670398803952e-7
v -42.747342586517334 9.948186526898969 -8.502975219740993
v -45.90859115123749 10.338544804275465 -9.131785560785215
v -46.90351486206055 10.338544491707738 3.5387331469129226e-7
v -42.747342586517334 9.948186526898969 -8.502975219740993
v -46.90351486206055 10.338544491707738 3.5387331469129226e-7
v -43.6737596988678 9.948186235854504 3.405119203454352e-7
v -36.23944818973541 9.948187064678935 -24.214423023569072
v -38.919422030448914 10.338545381825249 -26.00512380178554
v -43.33319365978241 10.33854510608262 -17.949197218149354
v -36.23944818973541 9.948187064678935 -24.214423023569072
v -43.33319365978241 10.33854510608262 -17.949197218149354
v -40.349289774894714 9.948186807923802 -16.713223438824876
v -24.214424192905426 9.948187476277973 -36.23944660880002
v -26.005125045776367 10.338545823862804 -38.91942034442053
v -33.165791630744934 10.338545626924425 -33.165790141654924
v -24.214424192905426 9.948187476277973 -36.23944660880002
v -33.165791630744934 10.338545626924425 -33.165790141654924
v -30.882009863853455 9.94818729290067 -30.882008466295364
v -8.502975851297379 9.948187699033708 -42.74734078282621
v -9.131786227226257 10.33854606309187 -45.90858922598003
v -17.949198186397552 10.33854597493977 -43.33319182267706
v -8.502975851297379 9.948187699033708 -42.74734078282621
v -17.949198186397552 10.33854597493977 -43.33319182267706
v -16.713224351406097 9.948187616951856 -40.34928805328544
v -47.33080565929413 -11.34973800076862 -3.884849951974508e-7
v -46.32681608200073 -11.349736940295355 -9.214977248067068
v -43.7279611825943 -11.349737380796759 -18.112715847271375
v -47.33080565929413 -11.34973800076862 -3.884849951974508e-7
v -43.7279611825943 -11.349737380796759 -18.112715847271375
v -39.273980259895325 -11.349736357483971 -26.242035117623466
v -47.33080565929413 -11.34973800076862 -3.884849951974508e-7
v -39.273980259895325 -11.349736357483971 -26.242035117623466
v -33.46793353557587 -11.349736855210056 -33.467932778502295
v -47.33080565929413 -11.34973800076862 -3.884849951974508e-7
v -33.46793353557587 -11.349736855210056 -33.467932778502295
v -26.242035627365112 -11.34973591141951 -39.27397930408922
v -47.33080565929413 -11.34973800076862 -3.884849951974508e-7
v -26.242035627365112 -11.34973591141951 -39.27397930408922
v -18.11271607875824 -11.349736504024271 -43.72796007433494
v -47.33080565929413 -11.34973800076862 -3.884849951974508e-7
v -18.11271607875824 -11.349736504024271 -43.72796007433494
v -9.21497717499733 -11.349735670011224 -46.32681488478634
v -47.33080565929413 -11.34973800076862 -3.884849951974508e-7
v -9.21497717499733 -11.349735670011224 -46.32681488478634
v 0 -11.349736380704158 -47.330804427714654
v -47.33080565929413 -11.34973800076862 -3.884849951974508e-7
v 0 -11.349736380704158 -47.330804427714654
v 0 -11.34973800076862 -3.884849951974508e-7
v 0 9.948187730743614 -43.67375786346677
v 0 10.338546097146658 -46.903512902748304
v -9.131786227226257 10.33854606309187 -45.90858922598003
v 0 9.948187730743614 -43.67375786346677
v -9.131786227226257 10.33854606309187 -45.90858922598003
v -8.502975851297379 9.948187699033708 -42.74734078282621
v -16.713224351406097 9.948187616951856 -40.34928805328544
v -17.949198186397552 10.33854597493977 -43.33319182267706
v -26.005125045776367 10.338545823862804 -38.91942034442053
v -16.713224351406097 9.948187616951856 -40.34928805328544
v -26.005125045776367 10.338545823862804 -38.91942034442053
v -24.214424192905426 9.948187476277973 -36.23944660880002
v -30.882009863853455 9.94818729290067 -30.882008466295364
v -33.165791630744934 10.338545626924425 -33.165790141654924
v -38.919422030448914 10.338545381825249 -26.00512380178554
v -30.882009863853455 9.94818729290067 -30.882008466295364
v -38.919422030448914 10.338545381825249 -26.00512380178554
v -36.23944818973541 9.948187064678935 -24.214423023569072
v -40.349289774894714 9.948186807923802 -16.713223438824876
v -43.33319365978241 10.33854510608262 -17.949197218149354
v -45.90859115123749 10.338544804275465 -9.131785560785215
v -40.349289774894714 9.948186807923802 -16.713223438824876
v -45.90859115123749 10.338544804275465 -9.131785560785215
v -42.747342586517334 9.948186526898969 -8.502975219740993
v -43.6737596988678 9.948186235854504 3.405119203454352e-7
v -42.49688982963562 7.359989480582174 2.5192171641527074e-7
v -41.59543812274933 7.359989763783906 -8.27384686601867
v -43.6737596988678 9.948186235854504 3.405119203454352e-7
v -41.59543812274933 7.359989763783906 -8.27384686601867
v -42.747342586517334 9.948186526898969 -8.502975219740993
v -40.349289774894714 9.948186807923802 -16.713223438824876
v -39.26200270652771 7.359990037236025 -16.262855317256037
v -35.262903571128845 7.359990287072397 -23.56192065732445
v -40.349289774894714 9.948186807923802 -16.713223438824876
v -35.262903571128845 7.359990287072397 -23.56192065732445
v -36.23944818973541 9.948187064678935 -24.214423023569072
v -30.882009863853455 9.94818729290067 -30.882008466295364
v -30.04983365535736 7.359990509144162 -30.049832374873656
v -23.56192171573639 7.359990687579944 -35.26290211220935
v -30.882009863853455 9.94818729290067 -30.882008466295364
v -23.56192171573639 7.359990687579944 -35.26290211220935
v -24.214424192905426 9.948187476277973 -36.23944660880002
v -16.713224351406097 9.948187616951856 -40.34928805328544
v -16.262856125831604 7.359990824463275 -39.26200111072489
v -8.27384740114212 7.359990904333367 -41.59543644707641
v -16.713224351406097 9.948187616951856 -40.34928805328544
v -8.27384740114212 7.359990904333367 -41.59543644707641
v -8.502975851297379 9.948187699033708 -42.74734078282621
v -43.33319365978241 10.33854510608262 -17.949197218149354
v -46.19397521018982 9.340807385679165 -19.134171822546023
v -48.93939197063446 9.340807063947256 -9.73465079341734
v -43.33319365978241 10.33854510608262 -17.949197218149354
v -48.93939197063446 9.340807063947256 -9.73465079341734
v -45.90859115123749 10.338544804275465 -9.131785560785215
v -33.165791630744934 10.338545626924425 -33.165790141654924
v -35.35533845424652 9.340807940906013 -35.35533692436263
v -41.48881137371063 9.340807679625863 -27.721937222263875
v -33.165791630744934 10.338545626924425 -33.165790141654924
v -41.48881137371063 9.340807679625863 -27.721937222263875
v -38.919422030448914 10.338545381825249 -26.00512380178554
v -17.949198186397552 10.33854597493977 -43.33319182267706
v -19.134172797203064 9.340808311896744 -46.1939733093152
v -27.721938490867615 9.340808150845847 -41.48880963388691
v -17.949198186397552 10.33854597493977 -43.33319182267706
v -27.721938490867615 9.340808150845847 -41.48880963388691
v -26.005125045776367 10.338545823862804 -38.91942034442053
v 0 10.338546097146658 -46.903512902748304
v 0 9.340808442171422 -49.9999979688507
v -9.734651446342468 9.340808405868357 -48.939389975788224
v 0 10.338546097146658 -46.903512902748304
v -9.734651446342468 9.340808405868357 -48.939389975788224
v -9.131786227226257 10.33854606309187 -45.90858922598003
v -43.7279611825943 -11.349737380796759 -18.112715847271375
v -46.32681608200073 -11.349736940295355 -9.214977248067068
v -48.93939197063446 9.340807063947256 -9.73465079341734
v -43.7279611825943 -11.349737380796759 -18.112715847271375
v -48.93939197063446 9.340807063947256 -9.73465079341734
v -46.19397521018982 9.340807385679165 -19.134171822546023
v -33.46793353557587 -11.349736855210056 -33.467932778502295
v -39.273980259895325 -11.349736357483971 -26.242035117623466
v -41.48881137371063 9.340807679625863 -27.721937222263875
v -33.46793353557587 -11.349736855210056 -33.467932778502295
v -41.48881137371063 9.340807679625863 -27.721937222263875
v -35.35533845424652 9.340807940906013 -35.35533692436263
v -18.11271607875824 -11.349736504024271 -43.72796007433494
v -26.242035627365112 -11.34973591141951 -39.27397930408922
v -27.721938490867615 9.340808150845847 -41.48880963388691
v -18.11271607875824 -11.349736504024271 -43.72796007433494
v -27.721938490867615 9.340808150845847 -41.48880963388691
v -19.134172797203064 9.340808311896744 -46.1939733093152
v 0 -11.349736380704158 -47.330804427714654
v -9.21497717499733 -11.349735670011224 -46.32681488478634
v -9.734651446342468 9.340808405868357 -48.939389975788224
v 0 -11.349736380704158 -47.330804427714654
v -9.734651446342468 9.340808405868357 -48.939389975788224
v 0 9.340808442171422 -49.9999979688507
v 0 7.359990935188745 -42.496888123107325
v -8.27384740114212 7.359990904333367 -41.59543644707641
v 0 8.448126899197993 -29.837848425740553
v 0 8.448126899197993 -29.837848425740553
v -8.27384740114212 7.359990904333367 -41.59543644707641
v -11.418449133634567 8.448126821455501 -27.566571791065442
v -16.262856125831604 7.359990824463275 -39.26200111072489
v -23.56192171573639 7.359990687579944 -35.26290211220935
v -11.418449133634567 8.448126821455501 -27.566571791065442
v -11.418449133634567 8.448126821455501 -27.566571791065442
v -23.56192171573639 7.359990687579944 -35.26290211220935
v -21.098540723323822 8.448126600064187 -21.098539711984497
v -30.04983365535736 7.359990509144162 -30.049832374873656
v -35.262903571128845 7.359990287072397 -23.56192065732445
v -21.098540723323822 8.448126600064187 -21.098539711984497
v -21.098540723323822 8.448126600064187 -21.098539711984497
v -35.262903571128845 7.359990287072397 -23.56192065732445
v -27.56657302379608 8.448126268728767 -11.418448453630662
v -39.26200270652771 7.359990037236025 -16.262855317256037
v -41.59543812274933 7.359989763783906 -8.27384686601867
v -27.56657302379608 8.448126268728767 -11.418448453630662
v -27.56657302379608 8.448126268728767 -11.418448453630662
v -41.59543812274933 7.359989763783906 -8.27384686601867
v -29.837849736213684 8.448125877891904 2.891670398803952e-7
v 9.21497717499733 -11.349735670011224 -46.32681488478634
v 9.734651446342468 9.340808405868357 -48.939389975788224
v 19.134172797203064 9.340808311896744 -46.1939733093152
v 9.21497717499733 -11.349735670011224 -46.32681488478634
v 19.134172797203064 9.340808311896744 -46.1939733093152
v 18.11271607875824 -11.349736504024271 -43.72796007433494
v 26.242035627365112 -11.34973591141951 -39.27397930408922
v 27.721938490867615 9.340808150845847 -41.48880963388691
v 35.35533845424652 9.340807940906013 -35.35533692436263
v 26.242035627365112 -11.34973591141951 -39.27397930408922
v 35.35533845424652 9.340807940906013 -35.35533692436263
v 33.46793353557587 -11.349736855210056 -33.467932778502295
v 39.273980259895325 -11.349736357483971 -26.242035117623466
v 41.48881137371063 9.340807679625863 -27.721937222263875
v 46.19397521018982 9.340807385679165 -19.134171822546023
v 39.273980259895325 -11.349736357483971 -26.242035117623466
v 46.19397521018982 9.340807385679165 -19.134171822546023
v 43.7279611825943 -11.349737380796759 -18.112715847271375
v 46.32681608200073 -11.349736940295355 -9.214977248067068
v 48.93939197063446 9.340807063947256 -9.73465079341734
v 50 9.340806730744331 3.197222048374846e-7
v 46.32681608200073 -11.349736940295355 -9.214977248067068
v 50 9.340806730744331 3.197222048374846e-7
v 47.33080565929413 -11.34973800076862 -3.884849951974508e-7
v 9.131786227226257 10.33854606309187 -45.90858922598003
v 17.949198186397552 10.33854597493977 -43.33319182267706
v 19.134172797203064 9.340808311896744 -46.1939733093152
v 9.131786227226257 10.33854606309187 -45.90858922598003
v 19.134172797203064 9.340808311896744 -46.1939733093152
v 9.734651446342468 9.340808405868357 -48.939389975788224
v 26.005125045776367 10.338545823862804 -38.91942034442053
v 33.165791630744934 10.338545626924425 -33.165790141654924
v 35.35533845424652 9.340807940906013 -35.35533692436263
v 26.005125045776367 10.338545823862804 -38.91942034442053
v 35.35533845424652 9.340807940906013 -35.35533692436263
v 27.721938490867615 9.340808150845847 -41.48880963388691
v 38.919422030448914 10.338545381825249 -26.00512380178554
v 43.33319365978241 10.33854510608262 -17.949197218149354
v 46.19397521018982 9.340807385679165 -19.134171822546023
v 38.919422030448914 10.338545381825249 -26.00512380178554
v 46.19397521018982 9.340807385679165 -19.134171822546023
v 41.48881137371063 9.340807679625863 -27.721937222263875
v 45.90859115123749 10.338544804275465 -9.131785560785215
v 46.90351486206055 10.338544491707738 3.5387331469129226e-7
v 50 9.340806730744331 3.197222048374846e-7
v 45.90859115123749 10.338544804275465 -9.131785560785215
v 50 9.340806730744331 3.197222048374846e-7
v 48.93939197063446 9.340807063947256 -9.73465079341734
v 8.502975851297379 9.948187699033708 -42.74734078282621
v 0 9.948187730743614 -43.67375786346677
v 0 7.359990935188745 -42.496888123107325
v 8.502975851297379 9.948187699033708 -42.74734078282621
v 0 7.359990935188745 -42.496888123107325
v 8.27384740114212 7.359990904333367 -41.59543644707641
v 24.214424192905426 9.948187476277973 -36.23944660880002
v 16.713224351406097 9.948187616951856 -40.34928805328544
v 16.262856125831604 7.359990824463275 -39.26200111072489
v 24.214424192905426 9.948187476277973 -36.23944660880002
v 16.262856125831604 7.359990824463275 -39.26200111072489
v 23.56192171573639 7.359990687579944 -35.26290211220935
v 36.23944818973541 9.948187064678935 -24.214423023569072
v 30.882009863853455 9.94818729290067 -30.882008466295364
v 30.04983365535736 7.359990509144162 -30.049832374873656
v 36.23944818973541 9.948187064678935 -24.214423023569072
v 30.04983365535736 7.359990509144162 -30.049832374873656
v 35.262903571128845 7.359990287072397 -23.56192065732445
v 42.747342586517334 9.948186526898969 -8.502975219740993
v 40.349289774894714 9.948186807923802 -16.713223438824876
v 39.26200270652771 7.359990037236025 -16.262855317256037
v 42.747342586517334 9.948186526898969 -8.502975219740993
v 39.26200270652771 7.359990037236025 -16.262855317256037
v 41.59543812274933 7.359989763783906 -8.27384686601867
v 11.418449133634567 8.448126821455501 -27.566571791065442
v 16.262856125831604 7.359990824463275 -39.26200111072489
v 8.27384740114212 7.359990904333367 -41.59543644707641
v 21.098540723323822 8.448126600064187 -21.098539711984497
v 30.04983365535736 7.359990509144162 -30.049832374873656
v 23.56192171573639 7.359990687579944 -35.26290211220935
v 27.56657302379608 8.448126268728767 -11.418448453630662
v 39.26200270652771 7.359990037236025 -16.262855317256037
v 35.262903571128845 7.359990287072397 -23.56192065732445
v 29.837849736213684 8.448125877891904 2.891670398803952e-7
v 42.49688982963562 7.359989480582174 2.5192171641527074e-7
v 41.59543812274933 7.359989763783906 -8.27384686601867
v 0 9.114736006604122 3.119841333352221e-7
v 11.418449133634567 8.448126821455501 -27.566571791065442
v 0 8.448126899197993 -29.837848425740553
v 0 9.114736006604122 3.119841333352221e-7
v 21.098540723323822 8.448126600064187 -21.098539711984497
v 11.418449133634567 8.448126821455501 -27.566571791065442
v 0 9.114736006604122 3.119841333352221e-7
v 27.56657302379608 8.448126268728767 -11.418448453630662
v 21.098540723323822 8.448126600064187 -21.098539711984497
v 0 9.114736006604122 3.119841333352221e-7
v 29.837849736213684 8.448125877891904 2.891670398803952e-7
v 27.56657302379608 8.448126268728767 -11.418448453630662
v 42.747342586517334 9.948186526898969 -8.502975219740993
v 43.6737596988678 9.948186235854504 3.405119203454352e-7
v 46.90351486206055 10.338544491707738 3.5387331469129226e-7
v 42.747342586517334 9.948186526898969 -8.502975219740993
v 46.90351486206055 10.338544491707738 3.5387331469129226e-7
v 45.90859115123749 10.338544804275465 -9.131785560785215
v 36.23944818973541 9.948187064678935 -24.214423023569072
v 40.349289774894714 9.948186807923802 -16.713223438824876
v 43.33319365978241 10.33854510608262 -17.949197218149354
v 36.23944818973541 9.948187064678935 -24.214423023569072
v 43.33319365978241 10.33854510608262 -17.949197218149354
v 38.919422030448914 10.338545381825249 -26.00512380178554
v 24.214424192905426 9.948187476277973 -36.23944660880002
v 30.882009863853455 9.94818729290067 -30.882008466295364
v 33.165791630744934 10.338545626924425 -33.165790141654924
v 24.214424192905426 9.948187476277973 -36.23944660880002
v 33.165791630744934 10.338545626924425 -33.165790141654924
v 26.005125045776367 10.338545823862804 -38.91942034442053
v 8.502975851297379 9.948187699033708 -42.74734078282621
v 16.713224351406097 9.948187616951856 -40.34928805328544
v 17.949198186397552 10.33854597493977 -43.33319182267706
v 8.502975851297379 9.948187699033708 -42.74734078282621
v 17.949198186397552 10.33854597493977 -43.33319182267706
v 9.131786227226257 10.33854606309187 -45.90858922598003
v 47.33080565929413 -11.34973800076862 -3.884849951974508e-7
v 0 -11.34973800076862 -3.884849951974508e-7
v 0 -11.349736380704158 -47.330804427714654
v 47.33080565929413 -11.34973800076862 -3.884849951974508e-7
v 0 -11.349736380704158 -47.330804427714654
v 9.21497717499733 -11.349735670011224 -46.32681488478634
v 47.33080565929413 -11.34973800076862 -3.884849951974508e-7
v 9.21497717499733 -11.349735670011224 -46.32681488478634
v 18.11271607875824 -11.349736504024271 -43.72796007433494
v 47.33080565929413 -11.34973800076862 -3.884849951974508e-7
v 18.11271607875824 -11.349736504024271 -43.72796007433494
v 26.242035627365112 -11.34973591141951 -39.27397930408922
v 47.33080565929413 -11.34973800076862 -3.884849951974508e-7
v 26.242035627365112 -11.34973591141951 -39.27397930408922
v 33.46793353557587 -11.349736855210056 -33.467932778502295
v 47.33080565929413 -11.34973800076862 -3.884849951974508e-7
v 33.46793353557587 -11.349736855210056 -33.467932778502295
v 39.273980259895325 -11.349736357483971 -26.242035117623466
v 47.33080565929413 -11.34973800076862 -3.884849951974508e-7
v 39.273980259895325 -11.349736357483971 -26.242035117623466
v 43.7279611825943 -11.349737380796759 -18.112715847271375
v 47.33080565929413 -11.34973800076862 -3.884849951974508e-7
v 43.7279611825943 -11.349737380796759 -18.112715847271375
v 46.32681608200073 -11.349736940295355 -9.214977248067068
v 0 9.948187730743614 -43.67375786346677
v 8.502975851297379 9.948187699033708 -42.74734078282621
v 9.131786227226257 10.33854606309187 -45.90858922598003
v 0 9.948187730743614 -43.67375786346677
v 9.131786227226257 10.33854606309187 -45.90858922598003
v 0 10.338546097146658 -46.903512902748304
v 16.713224351406097 9.948187616951856 -40.34928805328544
v 24.214424192905426 9.948187476277973 -36.23944660880002
v 26.005125045776367 10.338545823862804 -38.91942034442053
v 16.713224351406097 9.948187616951856 -40.34928805328544
v 26.005125045776367 10.338545823862804 -38.91942034442053
v 17.949198186397552 10.33854597493977 -43.33319182267706
v 30.882009863853455 9.94818729290067 -30.882008466295364
v 36.23944818973541 9.948187064678935 -24.214423023569072
v 38.919422030448914 10.338545381825249 -26.00512380178554
v 30.882009863853455 9.94818729290067 -30.882008466295364
v 38.919422030448914 10.338545381825249 -26.00512380178554
v 33.165791630744934 10.338545626924425 -33.165790141654924
v 40.349289774894714 9.948186807923802 -16.713223438824876
v 42.747342586517334 9.948186526898969 -8.502975219740993
v 45.90859115123749 10.338544804275465 -9.131785560785215
v 40.349289774894714 9.948186807923802 -16.713223438824876
v 45.90859115123749 10.338544804275465 -9.131785560785215
v 43.33319365978241 10.33854510608262 -17.949197218149354
v 43.6737596988678 9.948186235854504 3.405119203454352e-7
v 42.747342586517334 9.948186526898969 -8.502975219740993
v 41.59543812274933 7.359989763783906 -8.27384686601867
v 43.6737596988678 9.948186235854504 3.405119203454352e-7
v 41.59543812274933 7.359989763783906 -8.27384686601867
v 42.49688982963562 7.359989480582174 2.5192171641527074e-7
v 40.349289774894714 9.948186807923802 -16.713223438824876
v 36.23944818973541 9.948187064678935 -24.214423023569072
v 35.262903571128845 7.359990287072397 -23.56192065732445
v 40.349289774894714 9.948186807923802 -16.713223438824876
v 35.262903571128845 7.359990287072397 -23.56192065732445
v 39.26200270652771 7.359990037236025 -16.262855317256037
v 30.882009863853455 9.94818729290067 -30.882008466295364
v 24.214424192905426 9.948187476277973 -36.23944660880002
v 23.56192171573639 7.359990687579944 -35.26290211220935
v 30.882009863853455 9.94818729290067 -30.882008466295364
v 23.56192171573639 7.359990687579944 -35.26290211220935
v 30.04983365535736 7.359990509144162 -30.049832374873656
v 16.713224351406097 9.948187616951856 -40.34928805328544
v 8.502975851297379 9.948187699033708 -42.74734078282621
v 8.27384740114212 7.359990904333367 -41.59543644707641
v 16.713224351406097 9.948187616951856 -40.34928805328544
v 8.27384740114212 7.359990904333367 -41.59543644707641
v 16.262856125831604 7.359990824463275 -39.26200111072489
v 43.33319365978241 10.33854510608262 -17.949197218149354
v 45.90859115123749 10.338544804275465 -9.131785560785215
v 48.93939197063446 9.340807063947256 -9.73465079341734
v 43.33319365978241 10.33854510608262 -17.949197218149354
v 48.93939197063446 9.340807063947256 -9.73465079341734
v 46.19397521018982 9.340807385679165 -19.134171822546023
v 33.165791630744934 10.338545626924425 -33.165790141654924
v 38.919422030448914 10.338545381825249 -26.00512380178554
v 41.48881137371063 9.340807679625863 -27.721937222263875
v 33.165791630744934 10.338545626924425 -33.165790141654924
v 41.48881137371063 9.340807679625863 -27.721937222263875
v 35.35533845424652 9.340807940906013 -35.35533692436263
v 17.949198186397552 10.33854597493977 -43.33319182267706
v 26.005125045776367 10.338545823862804 -38.91942034442053
v 27.721938490867615 9.340808150845847 -41.48880963388691
v 17.949198186397552 10.33854597493977 -43.33319182267706
v 27.721938490867615 9.340808150845847 -41.48880963388691
v 19.134172797203064 9.340808311896744 -46.1939733093152
v 0 10.338546097146658 -46.903512902748304
v 9.131786227226257 10.33854606309187 -45.90858922598003
v 9.734651446342468 9.340808405868357 -48.939389975788224
v 0 10.338546097146658 -46.903512902748304
v 9.734651446342468 9.340808405868357 -48.939389975788224
v 0 9.340808442171422 -49.9999979688507
v 43.7279611825943 -11.349737380796759 -18.112715847271375
v 46.19397521018982 9.340807385679165 -19.134171822546023
v 48.93939197063446 9.340807063947256 -9.73465079341734
v 43.7279611825943 -11.349737380796759 -18.112715847271375
v 48.93939197063446 9.340807063947256 -9.73465079341734
v 46.32681608200073 -11.349736940295355 -9.214977248067068
v 33.46793353557587 -11.349736855210056 -33.467932778502295
v 35.35533845424652 9.340807940906013 -35.35533692436263
v 41.48881137371063 9.340807679625863 -27.721937222263875
v 33.46793353557587 -11.349736855210056 -33.467932778502295
v 41.48881137371063 9.340807679625863 -27.721937222263875
v 39.273980259895325 -11.349736357483971 -26.242035117623466
v 18.11271607875824 -11.349736504024271 -43.72796007433494
v 19.134172797203064 9.340808311896744 -46.1939733093152
v 27.721938490867615 9.340808150845847 -41.48880963388691
v 18.11271607875824 -11.349736504024271 -43.72796007433494
v 27.721938490867615 9.340808150845847 -41.48880963388691
v 26.242035627365112 -11.34973591141951 -39.27397930408922
v 0 -11.349736380704158 -47.330804427714654
v 0 9.340808442171422 -49.9999979688507
v 9.734651446342468 9.340808405868357 -48.939389975788224
v 0 -11.349736380704158 -47.330804427714654
v 9.734651446342468 9.340808405868357 -48.939389975788224
v 9.21497717499733 -11.349735670011224 -46.32681488478634
v 0 7.359990935188745 -42.496888123107325
v 0 8.448126899197993 -29.837848425740553
v 8.27384740114212 7.359990904333367 -41.59543644707641
v 0 8.448126899197993 -29.837848425740553
v 11.418449133634567 8.448126821455501 -27.566571791065442
v 8.27384740114212 7.359990904333367 -41.59543644707641
v 16.262856125831604 7.359990824463275 -39.26200111072489
v 11.418449133634567 8.448126821455501 -27.566571791065442
v 23.56192171573639 7.359990687579944 -35.26290211220935
v 11.418449133634567 8.448126821455501 -27.566571791065442
v 21.098540723323822 8.448126600064187 -21.098539711984497
v 23.56192171573639 7.359990687579944 -35.26290211220935
v 30.04983365535736 7.359990509144162 -30.049832374873656
v 21.098540723323822 8.448126600064187 -21.098539711984497
v 35.262903571128845 7.359990287072397 -23.56192065732445
v 21.098540723323822 8.448126600064187 -21.098539711984497
v 27.56657302379608 8.448126268728767 -11.418448453630662
v 35.262903571128845 7.359990287072397 -23.56192065732445
v 39.26200270652771 7.359990037236025 -16.262855317256037
v 27.56657302379608 8.448126268728767 -11.418448453630662
v 41.59543812274933 7.359989763783906 -8.27384686601867
v 27.56657302379608 8.448126268728767 -11.418448453630662
v 29.837849736213684 8.448125877891904 2.891670398803952e-7
v 41.59543812274933 7.359989763783906 -8.27384686601867
vt 0.27348315715789795 0.12937140464782715
vt 0.008697032928466797 0.12937140464782715
vt 0.008697032928466797 0.2531784176826477
vt 0.27348315715789795 0.12937140464782715
vt 0.008697032928466797 0.2531784176826477
vt 0.27348315715789795 0.2531784176826477
vt 0.27348315715789795 0.3769853115081787
vt 0.008697032928466797 0.3769853115081787
vt 0.008697032928466797 0.5007921457290649
vt 0.27348315715789795 0.3769853115081787
vt 0.008697032928466797 0.5007921457290649
vt 0.27348315715789795 0.5007921457290649
vt 0.27348315715789795 0.6245991289615631
vt 0.008697032928466797 0.6245991289615631
vt 0.008697032928466797 0.7484061121940613
vt 0.27348315715789795 0.6245991289615631
vt 0.008697032928466797 0.7484061121940613
vt 0.27348315715789795 0.7484061121940613
vt 0.27348315715789795 0.8722131103277206
vt 0.008697032928466797 0.8722131103277206
vt 0.008697032928466797 0.99602010846138
vt 0.27348315715789795 0.8722131103277206
vt 0.008697032928466797 0.99602010846138
vt 0.27348315715789795 0.99602010846138
vt 0.8423697352409363 0.6112701296806335
vt 0.7306852340698242 0.5794731676578522
vt 0.7129084467887878 0.616523951292038
vt 0.8423697352409363 0.6112701296806335
vt 0.7129084467887878 0.616523951292038
vt 0.8316240310668945 0.6502935290336609
vt 0.6361631751060486 0.5123401284217834
vt 0.541641116142273 0.4452071189880371
vt 0.5124331116676331 0.47400885820388794
vt 0.6361631751060486 0.5123401284217834
vt 0.5124331116676331 0.47400885820388794
vt 0.6126707792282104 0.5452663898468018
vt 0.4761584997177124 0.34998834133148193
vt 0.41067591309547424 0.254769504070282
vt 0.37341612577438354 0.27186334133148193
vt 0.4761584997177124 0.34998834133148193
vt 0.37341612577438354 0.27186334133148193
vt 0.4429246187210083 0.3729361295700073
vt 0.38116782903671265 0.14302027225494385
vt 0.35165971517562866 0.03127104043960571
vt 0.3106723427772522 0.03420931100845337
vt 0.38116782903671265 0.14302027225494385
vt 0.3106723427772522 0.03420931100845337
vt 0.34204423427581787 0.15303635597229004
vt 0.8527495861053467 0.5729508996009827
vt 0.9574598073959351 0.6032822132110596
vt 0.9649136066436768 0.5668045282363892
vt 0.8527495861053467 0.5729508996009827
vt 0.9649136066436768 0.5668045282363892
vt 0.864513635635376 0.5380818843841553
vt 0.6591818332672119 0.4795689582824707
vt 0.7480394244194031 0.5426195859909058
vt 0.7641136050224304 0.5093592405319214
vt 0.6591818332672119 0.4795689582824707
vt 0.7641136050224304 0.5093592405319214
vt 0.6801477074623108 0.45036303997039795
vt 0.5092008113861084 0.32699835300445557
vt 0.5703242421150208 0.41651833057403564
vt 0.5961818099021912 0.3913668990135193
vt 0.5092008113861084 0.32699835300445557
vt 0.5961818099021912 0.3913668990135193
vt 0.5383219122886658 0.30711448192596436
vt 0.4203711748123169 0.13307249546051025
vt 0.44807735085487366 0.2374783754348755
vt 0.4804620146751404 0.2228621244430542
vt 0.4203711748123169 0.13307249546051025
vt 0.4804620146751404 0.2228621244430542
vt 0.4536304473876953 0.1226310133934021
vt 0.8299278020858765 0.36590367555618286
vt 0.7641136050224304 0.5093592405319214
vt 0.864513635635376 0.5380818843841553
vt 0.7089613676071167 0.2816438674926758
vt 0.5961818099021912 0.3913668990135193
vt 0.6801477074623108 0.45036303997039795
vt 0.6264767646789551 0.15929365158081055
vt 0.4804620146751404 0.2228621244430542
vt 0.5383219122886658 0.30711448192596436
vt 0.5932308435440063 0.012987136840820312
vt 0.42679890990257263 0.02239990234375
vt 0.4536304473876953 0.1226310133934021
vt 0.9814339876174927 0.012987136840820312
vt 0.8299278020858765 0.36590367555618286
vt 0.9758033752441406 0.40108877420425415
vt 0.9814339876174927 0.012987136840820312
vt 0.7089613676071167 0.2816438674926758
vt 0.8299278020858765 0.36590367555618286
vt 0.9814339876174927 0.012987136840820312
vt 0.6264767646789551 0.15929365158081055
vt 0.7089613676071167 0.2816438674926758
vt 0.9814339876174927 0.012987136840820312
vt 0.5932308435440063 0.012987136840820312
vt 0.6264767646789551 0.15929365158081055
vt 0.4203711748123169 0.13307249546051025
vt 0.39266496896743774 0.028666555881500244
vt 0.35165971517562866 0.03127104043960571
vt 0.4203711748123169 0.13307249546051025
vt 0.35165971517562866 0.03127104043960571
vt 0.38116782903671265 0.14302027225494385
vt 0.5092008113861084 0.32699835300445557
vt 0.44807735085487366 0.2374783754348755
vt 0.41067591309547424 0.254769504070282
vt 0.5092008113861084 0.32699835300445557
vt 0.41067591309547424 0.254769504070282
vt 0.4761584997177124 0.34998834133148193
vt 0.6591818332672119 0.4795689582824707
vt 0.5703242421150208 0.41651833057403564
vt 0.541641116142273 0.4452071189880371
vt 0.6591818332672119 0.4795689582824707
vt 0.541641116142273 0.4452071189880371
vt 0.6361631751060486 0.5123401284217834
vt 0.8527495861053467 0.5729508996009827
vt 0.7480394244194031 0.5426195859909058
vt 0.7306852340698242 0.5794731676578522
vt 0.8527495861053467 0.5729508996009827
vt 0.7306852340698242 0.5794731676578522
vt 0.8423697352409363 0.6112701296806335
vt 0.3136461675167084 0.48290693759918213
vt 0.3136461675167084 0.9854025198146701
vt 0.8161418437957764 0.9854025198146701
vt 0.3136461675167084 0.48290693759918213
vt 0.8161418437957764 0.9854025198146701
vt 0.7970167398452759 0.8892541006207466
vt 0.3136461675167084 0.48290693759918213
vt 0.7970167398452759 0.8892541006207466
vt 0.7778915762901306 0.7931056767702103
vt 0.3136461675167084 0.48290693759918213
vt 0.7778915762901306 0.7931056767702103
vt 0.7234280109405518 0.7115951180458069
vt 0.3136461675167084 0.48290693759918213
vt 0.7234280109405518 0.7115951180458069
vt 0.6689644455909729 0.6300845742225647
vt 0.3136461675167084 0.48290693759918213
vt 0.6689644455909729 0.6300845742225647
vt 0.5874537229537964 0.5756208300590515
vt 0.3136461675167084 0.48290693759918213
vt 0.5874537229537964 0.5756208300590515
vt 0.5059429407119751 0.5211571156978607
vt 0.3136461675167084 0.48290693759918213
vt 0.5059429407119751 0.5211571156978607
vt 0.40979456901550293 0.5020320415496826
vt 0.9574598073959351 0.6032822132110596
vt 0.8527495861053467 0.5729508996009827
vt 0.8423697352409363 0.6112701296806335
vt 0.9574598073959351 0.6032822132110596
vt 0.8423697352409363 0.6112701296806335
vt 0.9540542364120483 0.6430670619010925
vt 0.7480394244194031 0.5426195859909058
vt 0.6591818332672119 0.4795689582824707
vt 0.6361631751060486 0.5123401284217834
vt 0.7480394244194031 0.5426195859909058
vt 0.6361631751060486 0.5123401284217834
vt 0.7306852340698242 0.5794731676578522
vt 0.5703242421150208 0.41651833057403564
vt 0.5092008113861084 0.32699835300445557
vt 0.4761584997177124 0.34998834133148193
vt 0.5703242421150208 0.41651833057403564
vt 0.4761584997177124 0.34998834133148193
vt 0.541641116142273 0.4452071189880371
vt 0.44807735085487366 0.2374783754348755
vt 0.4203711748123169 0.13307249546051025
vt 0.38116782903671265 0.14302027225494385
vt 0.44807735085487366 0.2374783754348755
vt 0.38116782903671265 0.14302027225494385
vt 0.41067591309547424 0.254769504070282
vt 0.39266496896743774 0.028666555881500244
vt 0.4203711748123169 0.13307249546051025
vt 0.4536304473876953 0.1226310133934021
vt 0.39266496896743774 0.028666555881500244
vt 0.4536304473876953 0.1226310133934021
vt 0.42679890990257263 0.02239990234375
vt 0.44807735085487366 0.2374783754348755
vt 0.5092008113861084 0.32699835300445557
vt 0.5383219122886658 0.30711448192596436
vt 0.44807735085487366 0.2374783754348755
vt 0.5383219122886658 0.30711448192596436
vt 0.4804620146751404 0.2228621244430542
vt 0.5703242421150208 0.41651833057403564
vt 0.6591818332672119 0.4795689582824707
vt 0.6801477074623108 0.45036303997039795
vt 0.5703242421150208 0.41651833057403564
vt 0.6801477074623108 0.45036303997039795
vt 0.5961818099021912 0.3913668990135193
vt 0.7480394244194031 0.5426195859909058
vt 0.8527495861053467 0.5729508996009827
vt 0.864513635635376 0.5380818843841553
vt 0.7480394244194031 0.5426195859909058
vt 0.864513635635376 0.5380818843841553
vt 0.7641136050224304 0.5093592405319214
vt 0.41067591309547424 0.254769504070282
vt 0.38116782903671265 0.14302027225494385
vt 0.34204423427581787 0.15303635597229004
vt 0.41067591309547424 0.254769504070282
vt 0.34204423427581787 0.15303635597229004
vt 0.37341612577438354 0.27186334133148193
vt 0.541641116142273 0.4452071189880371
vt 0.4761584997177124 0.34998834133148193
vt 0.4429246187210083 0.3729361295700073
vt 0.541641116142273 0.4452071189880371
vt 0.4429246187210083 0.3729361295700073
vt 0.5124331116676331 0.47400885820388794
vt 0.7306852340698242 0.5794731676578522
vt 0.6361631751060486 0.5123401284217834
vt 0.6126707792282104 0.5452663898468018
vt 0.7306852340698242 0.5794731676578522
vt 0.6126707792282104 0.5452663898468018
vt 0.7129084467887878 0.616523951292038
vt 0.9540542364120483 0.6430670619010925
vt 0.8423697352409363 0.6112701296806335
vt 0.8316240310668945 0.6502935290336609
vt 0.9540542364120483 0.6430670619010925
vt 0.8316240310668945 0.6502935290336609
vt 0.950339674949646 0.6840630769729614
vt 0.27348315715789795 0.7484061121940613
vt 0.008697032928466797 0.7484061121940613
vt 0.008697032928466797 0.8722131103277206
vt 0.27348315715789795 0.7484061121940613
vt 0.008697032928466797 0.8722131103277206
vt 0.27348315715789795 0.8722131103277206
vt 0.27348315715789795 0.5007921457290649
vt 0.008697032928466797 0.5007921457290649
vt 0.008697032928466797 0.6245991289615631
vt 0.27348315715789795 0.5007921457290649
vt 0.008697032928466797 0.6245991289615631
vt 0.27348315715789795 0.6245991289615631
vt 0.27348315715789795 0.2531784176826477
vt 0.008697032928466797 0.2531784176826477
vt 0.008697032928466797 0.3769853115081787
vt 0.27348315715789795 0.2531784176826477
vt 0.008697032928466797 0.3769853115081787
vt 0.27348315715789795 0.3769853115081787
vt 0.27348315715789795 0.005564332008361816
vt 0.008697032928466797 0.005564332008361816
vt 0.008697032928466797 0.12937140464782715
vt 0.27348315715789795 0.005564332008361816
vt 0.008697032928466797 0.12937140464782715
vt 0.27348315715789795 0.12937140464782715
vt 0.9649136066436768 0.5668045282363892
vt 0.9758033752441406 0.40108877420425415
vt 0.864513635635376 0.5380818843841553
vt 0.9758033752441406 0.40108877420425415
vt 0.8299278020858765 0.36590367555618286
vt 0.864513635635376 0.5380818843841553
vt 0.7641136050224304 0.5093592405319214
vt 0.8299278020858765 0.36590367555618286
vt 0.6801477074623108 0.45036303997039795
vt 0.8299278020858765 0.36590367555618286
vt 0.7089613676071167 0.2816438674926758
vt 0.6801477074623108 0.45036303997039795
vt 0.5961818099021912 0.3913668990135193
vt 0.7089613676071167 0.2816438674926758
vt 0.5383219122886658 0.30711448192596436
vt 0.7089613676071167 0.2816438674926758
vt 0.6264767646789551 0.15929365158081055
vt 0.5383219122886658 0.30711448192596436
vt 0.4804620146751404 0.2228621244430542
vt 0.6264767646789551 0.15929365158081055
vt 0.4536304473876953 0.1226310133934021
vt 0.6264767646789551 0.15929365158081055
vt 0.5932308435440063 0.012987136840820312
vt 0.4536304473876953 0.1226310133934021
vt 0.27348315715789795 0.12937140464782715
vt 0.27348315715789795 0.2531784176826477
vt 0.008697032928466797 0.2531784176826477
vt 0.27348315715789795 0.12937140464782715
vt 0.008697032928466797 0.2531784176826477
vt 0.008697032928466797 0.12937140464782715
vt 0.27348315715789795 0.3769853115081787
vt 0.27348315715789795 0.5007921457290649
vt 0.008697032928466797 0.5007921457290649
vt 0.27348315715789795 0.3769853115081787
vt 0.008697032928466797 0.5007921457290649
vt 0.008697032928466797 0.3769853115081787
vt 0.27348315715789795 0.6245991289615631
vt 0.27348315715789795 0.7484061121940613
vt 0.008697032928466797 0.7484061121940613
vt 0.27348315715789795 0.6245991289615631
vt 0.008697032928466797 0.7484061121940613
vt 0.008697032928466797 0.6245991289615631
vt 0.27348315715789795 0.8722131103277206
vt 0.27348315715789795 0.99602010846138
vt 0.008697032928466797 0.99602010846138
vt 0.27348315715789795 0.8722131103277206
vt 0.008697032928466797 0.99602010846138
vt 0.008697032928466797 0.8722131103277206
vt 0.8423697352409363 0.6112701296806335
vt 0.8316240310668945 0.6502935290336609
vt 0.7129084467887878 0.616523951292038
vt 0.8423697352409363 0.6112701296806335
vt 0.7129084467887878 0.616523951292038
vt 0.7306852340698242 0.5794731676578522
vt 0.6361631751060486 0.5123401284217834
vt 0.6126707792282104 0.5452663898468018
vt 0.5124331116676331 0.47400885820388794
vt 0.6361631751060486 0.5123401284217834
vt 0.5124331116676331 0.47400885820388794
vt 0.541641116142273 0.4452071189880371
vt 0.4761584997177124 0.34998834133148193
vt 0.4429246187210083 0.3729361295700073
vt 0.37341612577438354 0.27186334133148193
vt 0.4761584997177124 0.34998834133148193
vt 0.37341612577438354 0.27186334133148193
vt 0.41067591309547424 0.254769504070282
vt 0.38116782903671265 0.14302027225494385
vt 0.34204423427581787 0.15303635597229004
vt 0.3106723427772522 0.03420931100845337
vt 0.38116782903671265 0.14302027225494385
vt 0.3106723427772522 0.03420931100845337
vt 0.35165971517562866 0.03127104043960571
vt 0.8527495861053467 0.5729508996009827
vt 0.864513635635376 0.5380818843841553
vt 0.9649136066436768 0.5668045282363892
vt 0.8527495861053467 0.5729508996009827
vt 0.9649136066436768 0.5668045282363892
vt 0.9574598073959351 0.6032822132110596
vt 0.6591818332672119 0.4795689582824707
vt 0.6801477074623108 0.45036303997039795
vt 0.7641136050224304 0.5093592405319214
vt 0.6591818332672119 0.4795689582824707
vt 0.7641136050224304 0.5093592405319214
vt 0.7480394244194031 0.5426195859909058
vt 0.5092008113861084 0.32699835300445557
vt 0.5383219122886658 0.30711448192596436
vt 0.5961818099021912 0.3913668990135193
vt 0.5092008113861084 0.32699835300445557
vt 0.5961818099021912 0.3913668990135193
vt 0.5703242421150208 0.41651833057403564
vt 0.4203711748123169 0.13307249546051025
vt 0.4536304473876953 0.1226310133934021
vt 0.4804620146751404 0.2228621244430542
vt 0.4203711748123169 0.13307249546051025
vt 0.4804620146751404 0.2228621244430542
vt 0.44807735085487366 0.2374783754348755
vt 0.8299278020858765 0.36590367555618286
vt 0.864513635635376 0.5380818843841553
vt 0.7641136050224304 0.5093592405319214
vt 0.7089613676071167 0.2816438674926758
vt 0.6801477074623108 0.45036303997039795
vt 0.5961818099021912 0.3913668990135193
vt 0.6264767646789551 0.15929365158081055
vt 0.5383219122886658 0.30711448192596436
vt 0.4804620146751404 0.2228621244430542
vt 0.5932308435440063 0.012987136840820312
vt 0.4536304473876953 0.1226310133934021
vt 0.42679890990257263 0.02239990234375
vt 0.9814339876174927 0.012987136840820312
vt 0.9758033752441406 0.40108877420425415
vt 0.8299278020858765 0.36590367555618286
vt 0.9814339876174927 0.012987136840820312
vt 0.8299278020858765 0.36590367555618286
vt 0.7089613676071167 0.2816438674926758
vt 0.9814339876174927 0.012987136840820312
vt 0.7089613676071167 0.2816438674926758
vt 0.6264767646789551 0.15929365158081055
vt 0.9814339876174927 0.012987136840820312
vt 0.6264767646789551 0.15929365158081055
vt 0.5932308435440063 0.012987136840820312
vt 0.4203711748123169 0.13307249546051025
vt 0.38116782903671265 0.14302027225494385
vt 0.35165971517562866 0.03127104043960571
vt 0.4203711748123169 0.13307249546051025
vt 0.35165971517562866 0.03127104043960571
vt 0.39266496896743774 0.028666555881500244
vt 0.5092008113861084 0.32699835300445557
vt 0.4761584997177124 0.34998834133148193
vt 0.41067591309547424 0.254769504070282
vt 0.5092008113861084 0.32699835300445557
vt 0.41067591309547424 0.254769504070282
vt 0.44807735085487366 0.2374783754348755
vt 0.6591818332672119 0.4795689582824707
vt 0.6361631751060486 0.5123401284217834
vt 0.541641116142273 0.4452071189880371
vt 0.6591818332672119 0.4795689582824707
vt 0.541641116142273 0.4452071189880371
vt 0.5703242421150208 0.41651833057403564
vt 0.8527495861053467 0.5729508996009827
vt 0.8423697352409363 0.6112701296806335
vt 0.7306852340698242 0.5794731676578522
vt 0.8527495861053467 0.5729508996009827
vt 0.7306852340698242 0.5794731676578522
vt 0.7480394244194031 0.5426195859909058
vt 0.3136461675167084 0.48290693759918213
vt 0.40979456901550293 0.5020320415496826
vt 0.5059429407119751 0.5211571156978607
vt 0.3136461675167084 0.48290693759918213
vt 0.5059429407119751 0.5211571156978607
vt 0.5874537229537964 0.5756208300590515
vt 0.3136461675167084 0.48290693759918213
vt 0.5874537229537964 0.5756208300590515
vt 0.6689644455909729 0.6300845742225647
vt 0.3136461675167084 0.48290693759918213
vt 0.6689644455909729 0.6300845742225647
vt 0.7234280109405518 0.7115951180458069
vt 0.3136461675167084 0.48290693759918213
vt 0.7234280109405518 0.7115951180458069
vt 0.7778915762901306 0.7931056767702103
vt 0.3136461675167084 0.48290693759918213
vt 0.7778915762901306 0.7931056767702103
vt 0.7970167398452759 0.8892541006207466
vt 0.3136461675167084 0.48290693759918213
vt 0.7970167398452759 0.8892541006207466
vt 0.8161418437957764 0.9854025198146701
vt 0.3136461675167084 0.48290693759918213
vt 0.8161418437957764 0.9854025198146701
vt 0.3136461675167084 0.9854025198146701
vt 0.9574598073959351 0.6032822132110596
vt 0.9540542364120483 0.6430670619010925
vt 0.8423697352409363 0.6112701296806335
vt 0.9574598073959351 0.6032822132110596
vt 0.8423697352409363 0.6112701296806335
vt 0.8527495861053467 0.5729508996009827
vt 0.7480394244194031 0.5426195859909058
vt 0.7306852340698242 0.5794731676578522
vt 0.6361631751060486 0.5123401284217834
vt 0.7480394244194031 0.5426195859909058
vt 0.6361631751060486 0.5123401284217834
vt 0.6591818332672119 0.4795689582824707
vt 0.5703242421150208 0.41651833057403564
vt 0.541641116142273 0.4452071189880371
vt 0.4761584997177124 0.34998834133148193
vt 0.5703242421150208 0.41651833057403564
vt 0.4761584997177124 0.34998834133148193
vt 0.5092008113861084 0.32699835300445557
vt 0.44807735085487366 0.2374783754348755
vt 0.41067591309547424 0.254769504070282
vt 0.38116782903671265 0.14302027225494385
vt 0.44807735085487366 0.2374783754348755
vt 0.38116782903671265 0.14302027225494385
vt 0.4203711748123169 0.13307249546051025
vt 0.39266496896743774 0.028666555881500244
vt 0.42679890990257263 0.02239990234375
vt 0.4536304473876953 0.1226310133934021
vt 0.39266496896743774 0.028666555881500244
vt 0.4536304473876953 0.1226310133934021
vt 0.4203711748123169 0.13307249546051025
vt 0.44807735085487366 0.2374783754348755
vt 0.4804620146751404 0.2228621244430542
vt 0.5383219122886658 0.30711448192596436
vt 0.44807735085487366 0.2374783754348755
vt 0.5383219122886658 0.30711448192596436
vt 0.5092008113861084 0.32699835300445557
vt 0.5703242421150208 0.41651833057403564
vt 0.5961818099021912 0.3913668990135193
vt 0.6801477074623108 0.45036303997039795
vt 0.5703242421150208 0.41651833057403564
vt 0.6801477074623108 0.45036303997039795
vt 0.6591818332672119 0.4795689582824707
vt 0.7480394244194031 0.5426195859909058
vt 0.7641136050224304 0.5093592405319214
vt 0.864513635635376 0.5380818843841553
vt 0.7480394244194031 0.5426195859909058
vt 0.864513635635376 0.5380818843841553
vt 0.8527495861053467 0.5729508996009827
vt 0.41067591309547424 0.254769504070282
vt 0.37341612577438354 0.27186334133148193
vt 0.34204423427581787 0.15303635597229004
vt 0.41067591309547424 0.254769504070282
vt 0.34204423427581787 0.15303635597229004
vt 0.38116782903671265 0.14302027225494385
vt 0.541641116142273 0.4452071189880371
vt 0.5124331116676331 0.47400885820388794
vt 0.4429246187210083 0.3729361295700073
vt 0.541641116142273 0.4452071189880371
vt 0.4429246187210083 0.3729361295700073
vt 0.4761584997177124 0.34998834133148193
vt 0.7306852340698242 0.5794731676578522
vt 0.7129084467887878 0.616523951292038
vt 0.6126707792282104 0.5452663898468018
vt 0.7306852340698242 0.5794731676578522
vt 0.6126707792282104 0.5452663898468018
vt 0.6361631751060486 0.5123401284217834
vt 0.9540542364120483 0.6430670619010925
vt 0.950339674949646 0.6840630769729614
vt 0.8316240310668945 0.6502935290336609
vt 0.9540542364120483 0.6430670619010925
vt 0.8316240310668945 0.6502935290336609
vt 0.8423697352409363 0.6112701296806335
vt 0.27348315715789795 0.7484061121940613
vt 0.27348315715789795 0.8722131103277206
vt 0.008697032928466797 0.8722131103277206
vt 0.27348315715789795 0.7484061121940613
vt 0.008697032928466797 0.8722131103277206
vt 0.008697032928466797 0.7484061121940613
vt 0.27348315715789795 0.5007921457290649
vt 0.27348315715789795 0.6245991289615631
vt 0.008697032928466797 0.6245991289615631
vt 0.27348315715789795 0.5007921457290649
vt 0.008697032928466797 0.6245991289615631
vt 0.008697032928466797 0.5007921457290649
vt 0.27348315715789795 0.2531784176826477
vt 0.27348315715789795 0.3769853115081787
vt 0.008697032928466797 0.3769853115081787
vt 0.27348315715789795 0.2531784176826477
vt 0.008697032928466797 0.3769853115081787
vt 0.008697032928466797 0.2531784176826477
vt 0.27348315715789795 0.005564332008361816
vt 0.27348315715789795 0.12937140464782715
vt 0.008697032928466797 0.12937140464782715
vt 0.27348315715789795 0.005564332008361816
vt 0.008697032928466797 0.12937140464782715
vt 0.008697032928466797 0.005564332008361816
vt 0.9649136066436768 0.5668045282363892
vt 0.864513635635376 0.5380818843841553
vt 0.9758033752441406 0.40108877420425415
vt 0.9758033752441406 0.40108877420425415
vt 0.864513635635376 0.5380818843841553
vt 0.8299278020858765 0.36590367555618286
vt 0.7641136050224304 0.5093592405319214
vt 0.6801477074623108 0.45036303997039795
vt 0.8299278020858765 0.36590367555618286
vt 0.8299278020858765 0.36590367555618286
vt 0.6801477074623108 0.45036303997039795
vt 0.7089613676071167 0.2816438674926758
vt 0.5961818099021912 0.3913668990135193
vt 0.5383219122886658 0.30711448192596436
vt 0.7089613676071167 0.2816438674926758
vt 0.7089613676071167 0.2816438674926758
vt 0.5383219122886658 0.30711448192596436
vt 0.6264767646789551 0.15929365158081055
vt 0.4804620146751404 0.2228621244430542
vt 0.4536304473876953 0.1226310133934021
vt 0.6264767646789551 0.15929365158081055
vt 0.6264767646789551 0.15929365158081055
vt 0.4536304473876953 0.1226310133934021
vt 0.5932308435440063 0.012987136840820312
vt 0.27348315715789795 0.12937140464782715
vt 0.27348315715789795 0.2531784176826477
vt 0.008697032928466797 0.2531784176826477
vt 0.27348315715789795 0.12937140464782715
vt 0.008697032928466797 0.2531784176826477
vt 0.008697032928466797 0.12937140464782715
vt 0.27348315715789795 0.3769853115081787
vt 0.27348315715789795 0.5007921457290649
vt 0.008697032928466797 0.5007921457290649
vt 0.27348315715789795 0.3769853115081787
vt 0.008697032928466797 0.5007921457290649
vt 0.008697032928466797 0.3769853115081787
vt 0.27348315715789795 0.6245991289615631
vt 0.27348315715789795 0.7484061121940613
vt 0.008697032928466797 0.7484061121940613
vt 0.27348315715789795 0.6245991289615631
vt 0.008697032928466797 0.7484061121940613
vt 0.008697032928466797 0.6245991289615631
vt 0.27348315715789795 0.8722131103277206
vt 0.27348315715789795 0.99602010846138
vt 0.008697032928466797 0.99602010846138
vt 0.27348315715789795 0.8722131103277206
vt 0.008697032928466797 0.99602010846138
vt 0.008697032928466797 0.8722131103277206
vt 0.8423697352409363 0.6112701296806335
vt 0.8316240310668945 0.6502935290336609
vt 0.7129084467887878 0.616523951292038
vt 0.8423697352409363 0.6112701296806335
vt 0.7129084467887878 0.616523951292038
vt 0.7306852340698242 0.5794731676578522
vt 0.6361631751060486 0.5123401284217834
vt 0.6126707792282104 0.5452663898468018
vt 0.5124331116676331 0.47400885820388794
vt 0.6361631751060486 0.5123401284217834
vt 0.5124331116676331 0.47400885820388794
vt 0.541641116142273 0.4452071189880371
vt 0.4761584997177124 0.34998834133148193
vt 0.4429246187210083 0.3729361295700073
vt 0.37341612577438354 0.27186334133148193
vt 0.4761584997177124 0.34998834133148193
vt 0.37341612577438354 0.27186334133148193
vt 0.41067591309547424 0.254769504070282
vt 0.38116782903671265 0.14302027225494385
vt 0.34204423427581787 0.15303635597229004
vt 0.3106723427772522 0.03420931100845337
vt 0.38116782903671265 0.14302027225494385
vt 0.3106723427772522 0.03420931100845337
vt 0.35165971517562866 0.03127104043960571
vt 0.8527495861053467 0.5729508996009827
vt 0.864513635635376 0.5380818843841553
vt 0.9649136066436768 0.5668045282363892
vt 0.8527495861053467 0.5729508996009827
vt 0.9649136066436768 0.5668045282363892
vt 0.9574598073959351 0.6032822132110596
vt 0.6591818332672119 0.4795689582824707
vt 0.6801477074623108 0.45036303997039795
vt 0.7641136050224304 0.5093592405319214
vt 0.6591818332672119 0.4795689582824707
vt 0.7641136050224304 0.5093592405319214
vt 0.7480394244194031 0.5426195859909058
vt 0.5092008113861084 0.32699835300445557
vt 0.5383219122886658 0.30711448192596436
vt 0.5961818099021912 0.3913668990135193
vt 0.5092008113861084 0.32699835300445557
vt 0.5961818099021912 0.3913668990135193
vt 0.5703242421150208 0.41651833057403564
vt 0.4203711748123169 0.13307249546051025
vt 0.4536304473876953 0.1226310133934021
vt 0.4804620146751404 0.2228621244430542
vt 0.4203711748123169 0.13307249546051025
vt 0.4804620146751404 0.2228621244430542
vt 0.44807735085487366 0.2374783754348755
vt 0.8299278020858765 0.36590367555618286
vt 0.864513635635376 0.5380818843841553
vt 0.7641136050224304 0.5093592405319214
vt 0.7089613676071167 0.2816438674926758
vt 0.6801477074623108 0.45036303997039795
vt 0.5961818099021912 0.3913668990135193
vt 0.6264767646789551 0.15929365158081055
vt 0.5383219122886658 0.30711448192596436
vt 0.4804620146751404 0.2228621244430542
vt 0.5932308435440063 0.012987136840820312
vt 0.4536304473876953 0.1226310133934021
vt 0.42679890990257263 0.02239990234375
vt 0.9814339876174927 0.012987136840820312
vt 0.9758033752441406 0.40108877420425415
vt 0.8299278020858765 0.36590367555618286
vt 0.9814339876174927 0.012987136840820312
vt 0.8299278020858765 0.36590367555618286
vt 0.7089613676071167 0.2816438674926758
vt 0.9814339876174927 0.012987136840820312
vt 0.7089613676071167 0.2816438674926758
vt 0.6264767646789551 0.15929365158081055
vt 0.9814339876174927 0.012987136840820312
vt 0.6264767646789551 0.15929365158081055
vt 0.5932308435440063 0.012987136840820312
vt 0.4203711748123169 0.13307249546051025
vt 0.38116782903671265 0.14302027225494385
vt 0.35165971517562866 0.03127104043960571
vt 0.4203711748123169 0.13307249546051025
vt 0.35165971517562866 0.03127104043960571
vt 0.39266496896743774 0.028666555881500244
vt 0.5092008113861084 0.32699835300445557
vt 0.4761584997177124 0.34998834133148193
vt 0.41067591309547424 0.254769504070282
vt 0.5092008113861084 0.32699835300445557
vt 0.41067591309547424 0.254769504070282
vt 0.44807735085487366 0.2374783754348755
vt 0.6591818332672119 0.4795689582824707
vt 0.6361631751060486 0.5123401284217834
vt 0.541641116142273 0.4452071189880371
vt 0.6591818332672119 0.4795689582824707
vt 0.541641116142273 0.4452071189880371
vt 0.5703242421150208 0.41651833057403564
vt 0.8527495861053467 0.5729508996009827
vt 0.8423697352409363 0.6112701296806335
vt 0.7306852340698242 0.5794731676578522
vt 0.8527495861053467 0.5729508996009827
vt 0.7306852340698242 0.5794731676578522
vt 0.7480394244194031 0.5426195859909058
vt 0.3136461675167084 0.48290693759918213
vt 0.40979456901550293 0.5020320415496826
vt 0.5059429407119751 0.5211571156978607
vt 0.3136461675167084 0.48290693759918213
vt 0.5059429407119751 0.5211571156978607
vt 0.5874537229537964 0.5756208300590515
vt 0.3136461675167084 0.48290693759918213
vt 0.5874537229537964 0.5756208300590515
vt 0.6689644455909729 0.6300845742225647
vt 0.3136461675167084 0.48290693759918213
vt 0.6689644455909729 0.6300845742225647
vt 0.7234280109405518 0.7115951180458069
vt 0.3136461675167084 0.48290693759918213
vt 0.7234280109405518 0.7115951180458069
vt 0.7778915762901306 0.7931056767702103
vt 0.3136461675167084 0.48290693759918213
vt 0.7778915762901306 0.7931056767702103
vt 0.7970167398452759 0.8892541006207466
vt 0.3136461675167084 0.48290693759918213
vt 0.7970167398452759 0.8892541006207466
vt 0.8161418437957764 0.9854025198146701
vt 0.3136461675167084 0.48290693759918213
vt 0.8161418437957764 0.9854025198146701
vt 0.3136461675167084 0.9854025198146701
vt 0.9574598073959351 0.6032822132110596
vt 0.9540542364120483 0.6430670619010925
vt 0.8423697352409363 0.6112701296806335
vt 0.9574598073959351 0.6032822132110596
vt 0.8423697352409363 0.6112701296806335
vt 0.8527495861053467 0.5729508996009827
vt 0.7480394244194031 0.5426195859909058
vt 0.7306852340698242 0.5794731676578522
vt 0.6361631751060486 0.5123401284217834
vt 0.7480394244194031 0.5426195859909058
vt 0.6361631751060486 0.5123401284217834
vt 0.6591818332672119 0.4795689582824707
vt 0.5703242421150208 0.41651833057403564
vt 0.541641116142273 0.4452071189880371
vt 0.4761584997177124 0.34998834133148193
vt 0.5703242421150208 0.41651833057403564
vt 0.4761584997177124 0.34998834133148193
vt 0.5092008113861084 0.32699835300445557
vt 0.44807735085487366 0.2374783754348755
vt 0.41067591309547424 0.254769504070282
vt 0.38116782903671265 0.14302027225494385
vt 0.44807735085487366 0.2374783754348755
vt 0.38116782903671265 0.14302027225494385
vt 0.4203711748123169 0.13307249546051025
vt 0.39266496896743774 0.028666555881500244
vt 0.42679890990257263 0.02239990234375
vt 0.4536304473876953 0.1226310133934021
vt 0.39266496896743774 0.028666555881500244
vt 0.4536304473876953 0.1226310133934021
vt 0.4203711748123169 0.13307249546051025
vt 0.44807735085487366 0.2374783754348755
vt 0.4804620146751404 0.2228621244430542
vt 0.5383219122886658 0.30711448192596436
vt 0.44807735085487366 0.2374783754348755
vt 0.5383219122886658 0.30711448192596436
vt 0.5092008113861084 0.32699835300445557
vt 0.5703242421150208 0.41651833057403564
vt 0.5961818099021912 0.3913668990135193
vt 0.6801477074623108 0.45036303997039795
vt 0.5703242421150208 0.41651833057403564
vt 0.6801477074623108 0.45036303997039795
vt 0.6591818332672119 0.4795689582824707
vt 0.7480394244194031 0.5426195859909058
vt 0.7641136050224304 0.5093592405319214
vt 0.864513635635376 0.5380818843841553
vt 0.7480394244194031 0.5426195859909058
vt 0.864513635635376 0.5380818843841553
vt 0.8527495861053467 0.5729508996009827
vt 0.41067591309547424 0.254769504070282
vt 0.37341612577438354 0.27186334133148193
vt 0.34204423427581787 0.15303635597229004
vt 0.41067591309547424 0.254769504070282
vt 0.34204423427581787 0.15303635597229004
vt 0.38116782903671265 0.14302027225494385
vt 0.541641116142273 0.4452071189880371
vt 0.5124331116676331 0.47400885820388794
vt 0.4429246187210083 0.3729361295700073
vt 0.541641116142273 0.4452071189880371
vt 0.4429246187210083 0.3729361295700073
vt 0.4761584997177124 0.34998834133148193
vt 0.7306852340698242 0.5794731676578522
vt 0.7129084467887878 0.616523951292038
vt 0.6126707792282104 0.5452663898468018
vt 0.7306852340698242 0.5794731676578522
vt 0.6126707792282104 0.5452663898468018
vt 0.6361631751060486 0.5123401284217834
vt 0.9540542364120483 0.6430670619010925
vt 0.950339674949646 0.6840630769729614
vt 0.8316240310668945 0.6502935290336609
vt 0.9540542364120483 0.6430670619010925
vt 0.8316240310668945 0.6502935290336609
vt 0.8423697352409363 0.6112701296806335
vt 0.27348315715789795 0.7484061121940613
vt 0.27348315715789795 0.8722131103277206
vt 0.008697032928466797 0.8722131103277206
vt 0.27348315715789795 0.7484061121940613
vt 0.008697032928466797 0.8722131103277206
vt 0.008697032928466797 0.7484061121940613
vt 0.27348315715789795 0.5007921457290649
vt 0.27348315715789795 0.6245991289615631
vt 0.008697032928466797 0.6245991289615631
vt 0.27348315715789795 0.5007921457290649
vt 0.008697032928466797 0.6245991289615631
vt 0.008697032928466797 0.5007921457290649
vt 0.27348315715789795 0.2531784176826477
vt 0.27348315715789795 0.3769853115081787
vt 0.008697032928466797 0.3769853115081787
vt 0.27348315715789795 0.2531784176826477
vt 0.008697032928466797 0.3769853115081787
vt 0.008697032928466797 0.2531784176826477
vt 0.27348315715789795 0.005564332008361816
vt 0.27348315715789795 0.12937140464782715
vt 0.008697032928466797 0.12937140464782715
vt 0.27348315715789795 0.005564332008361816
vt 0.008697032928466797 0.12937140464782715
vt 0.008697032928466797 0.005564332008361816
vt 0.9649136066436768 0.5668045282363892
vt 0.864513635635376 0.5380818843841553
vt 0.9758033752441406 0.40108877420425415
vt 0.9758033752441406 0.40108877420425415
vt 0.864513635635376 0.5380818843841553
vt 0.8299278020858765 0.36590367555618286
vt 0.7641136050224304 0.5093592405319214
vt 0.6801477074623108 0.45036303997039795
vt 0.8299278020858765 0.36590367555618286
vt 0.8299278020858765 0.36590367555618286
vt 0.6801477074623108 0.45036303997039795
vt 0.7089613676071167 0.2816438674926758
vt 0.5961818099021912 0.3913668990135193
vt 0.5383219122886658 0.30711448192596436
vt 0.7089613676071167 0.2816438674926758
vt 0.7089613676071167 0.2816438674926758
vt 0.5383219122886658 0.30711448192596436
vt 0.6264767646789551 0.15929365158081055
vt 0.4804620146751404 0.2228621244430542
vt 0.4536304473876953 0.1226310133934021
vt 0.6264767646789551 0.15929365158081055
vt 0.6264767646789551 0.15929365158081055
vt 0.4536304473876953 0.1226310133934021
vt 0.5932308435440063 0.012987136840820312
vt 0.27348315715789795 0.12937140464782715
vt 0.008697032928466797 0.12937140464782715
vt 0.008697032928466797 0.2531784176826477
vt 0.27348315715789795 0.12937140464782715
vt 0.008697032928466797 0.2531784176826477
vt 0.27348315715789795 0.2531784176826477
vt 0.27348315715789795 0.3769853115081787
vt 0.008697032928466797 0.3769853115081787
vt 0.008697032928466797 0.5007921457290649
vt 0.27348315715789795 0.3769853115081787
vt 0.008697032928466797 0.5007921457290649
vt 0.27348315715789795 0.5007921457290649
vt 0.27348315715789795 0.6245991289615631
vt 0.008697032928466797 0.6245991289615631
vt 0.008697032928466797 0.7484061121940613
vt 0.27348315715789795 0.6245991289615631
vt 0.008697032928466797 0.7484061121940613
vt 0.27348315715789795 0.7484061121940613
vt 0.27348315715789795 0.8722131103277206
vt 0.008697032928466797 0.8722131103277206
vt 0.008697032928466797 0.99602010846138
vt 0.27348315715789795 0.8722131103277206
vt 0.008697032928466797 0.99602010846138
vt 0.27348315715789795 0.99602010846138
vt 0.8423697352409363 0.6112701296806335
vt 0.7306852340698242 0.5794731676578522
vt 0.7129084467887878 0.616523951292038
vt 0.8423697352409363 0.6112701296806335
vt 0.7129084467887878 0.616523951292038
vt 0.8316240310668945 0.6502935290336609
vt 0.6361631751060486 0.5123401284217834
vt 0.541641116142273 0.4452071189880371
vt 0.5124331116676331 0.47400885820388794
vt 0.6361631751060486 0.5123401284217834
vt 0.5124331116676331 0.47400885820388794
vt 0.6126707792282104 0.5452663898468018
vt 0.4761584997177124 0.34998834133148193
vt 0.41067591309547424 0.254769504070282
vt 0.37341612577438354 0.27186334133148193
vt 0.4761584997177124 0.34998834133148193
vt 0.37341612577438354 0.27186334133148193
vt 0.4429246187210083 0.3729361295700073
vt 0.38116782903671265 0.14302027225494385
vt 0.35165971517562866 0.03127104043960571
vt 0.3106723427772522 0.03420931100845337
vt 0.38116782903671265 0.14302027225494385
vt 0.3106723427772522 0.03420931100845337
vt 0.34204423427581787 0.15303635597229004
vt 0.8527495861053467 0.5729508996009827
vt 0.9574598073959351 0.6032822132110596
vt 0.9649136066436768 0.5668045282363892
vt 0.8527495861053467 0.5729508996009827
vt 0.9649136066436768 0.5668045282363892
vt 0.864513635635376 0.5380818843841553
vt 0.6591818332672119 0.4795689582824707
vt 0.7480394244194031 0.5426195859909058
vt 0.7641136050224304 0.5093592405319214
vt 0.6591818332672119 0.4795689582824707
vt 0.7641136050224304 0.5093592405319214
vt 0.6801477074623108 0.45036303997039795
vt 0.5092008113861084 0.32699835300445557
vt 0.5703242421150208 0.41651833057403564
vt 0.5961818099021912 0.3913668990135193
vt 0.5092008113861084 0.32699835300445557
vt 0.5961818099021912 0.3913668990135193
vt 0.5383219122886658 0.30711448192596436
vt 0.4203711748123169 0.13307249546051025
vt 0.44807735085487366 0.2374783754348755
vt 0.4804620146751404 0.2228621244430542
vt 0.4203711748123169 0.13307249546051025
vt 0.4804620146751404 0.2228621244430542
vt 0.4536304473876953 0.1226310133934021
vt 0.8299278020858765 0.36590367555618286
vt 0.7641136050224304 0.5093592405319214
vt 0.864513635635376 0.5380818843841553
vt 0.7089613676071167 0.2816438674926758
vt 0.5961818099021912 0.3913668990135193
vt 0.6801477074623108 0.45036303997039795
vt 0.6264767646789551 0.15929365158081055
vt 0.4804620146751404 0.2228621244430542
vt 0.5383219122886658 0.30711448192596436
vt 0.5932308435440063 0.012987136840820312
vt 0.42679890990257263 0.02239990234375
vt 0.4536304473876953 0.1226310133934021
vt 0.9814339876174927 0.012987136840820312
vt 0.8299278020858765 0.36590367555618286
vt 0.9758033752441406 0.40108877420425415
vt 0.9814339876174927 0.012987136840820312
vt 0.7089613676071167 0.2816438674926758
vt 0.8299278020858765 0.36590367555618286
vt 0.9814339876174927 0.012987136840820312
vt 0.6264767646789551 0.15929365158081055
vt 0.7089613676071167 0.2816438674926758
vt 0.9814339876174927 0.012987136840820312
vt 0.5932308435440063 0.012987136840820312
vt 0.6264767646789551 0.15929365158081055
vt 0.4203711748123169 0.13307249546051025
vt 0.39266496896743774 0.028666555881500244
vt 0.35165971517562866 0.03127104043960571
vt 0.4203711748123169 0.13307249546051025
vt 0.35165971517562866 0.03127104043960571
vt 0.38116782903671265 0.14302027225494385
vt 0.5092008113861084 0.32699835300445557
vt 0.44807735085487366 0.2374783754348755
vt 0.41067591309547424 0.254769504070282
vt 0.5092008113861084 0.32699835300445557
vt 0.41067591309547424 0.254769504070282
vt 0.4761584997177124 0.34998834133148193
vt 0.6591818332672119 0.4795689582824707
vt 0.5703242421150208 0.41651833057403564
vt 0.541641116142273 0.4452071189880371
vt 0.6591818332672119 0.4795689582824707
vt 0.541641116142273 0.4452071189880371
vt 0.6361631751060486 0.5123401284217834
vt 0.8527495861053467 0.5729508996009827
vt 0.7480394244194031 0.5426195859909058
vt 0.7306852340698242 0.5794731676578522
vt 0.8527495861053467 0.5729508996009827
vt 0.7306852340698242 0.5794731676578522
vt 0.8423697352409363 0.6112701296806335
vt 0.3136461675167084 0.48290693759918213
vt 0.3136461675167084 0.9854025198146701
vt 0.8161418437957764 0.9854025198146701
vt 0.3136461675167084 0.48290693759918213
vt 0.8161418437957764 0.9854025198146701
vt 0.7970167398452759 0.8892541006207466
vt 0.3136461675167084 0.48290693759918213
vt 0.7970167398452759 0.8892541006207466
vt 0.7778915762901306 0.7931056767702103
vt 0.3136461675167084 0.48290693759918213
vt 0.7778915762901306 0.7931056767702103
vt 0.7234280109405518 0.7115951180458069
vt 0.3136461675167084 0.48290693759918213
vt 0.7234280109405518 0.7115951180458069
vt 0.6689644455909729 0.6300845742225647
vt 0.3136461675167084 0.48290693759918213
vt 0.6689644455909729 0.6300845742225647
vt 0.5874537229537964 0.5756208300590515
vt 0.3136461675167084 0.48290693759918213
vt 0.5874537229537964 0.5756208300590515
vt 0.5059429407119751 0.5211571156978607
vt 0.3136461675167084 0.48290693759918213
vt 0.5059429407119751 0.5211571156978607
vt 0.40979456901550293 0.5020320415496826
vt 0.9574598073959351 0.6032822132110596
vt 0.8527495861053467 0.5729508996009827
vt 0.8423697352409363 0.6112701296806335
vt 0.9574598073959351 0.6032822132110596
vt 0.8423697352409363 0.6112701296806335
vt 0.9540542364120483 0.6430670619010925
vt 0.7480394244194031 0.5426195859909058
vt 0.6591818332672119 0.4795689582824707
vt 0.6361631751060486 0.5123401284217834
vt 0.7480394244194031 0.5426195859909058
vt 0.6361631751060486 0.5123401284217834
vt 0.7306852340698242 0.5794731676578522
vt 0.5703242421150208 0.41651833057403564
vt 0.5092008113861084 0.32699835300445557
vt 0.4761584997177124 0.34998834133148193
vt 0.5703242421150208 0.41651833057403564
vt 0.4761584997177124 0.34998834133148193
vt 0.541641116142273 0.4452071189880371
vt 0.44807735085487366 0.2374783754348755
vt 0.4203711748123169 0.13307249546051025
vt 0.38116782903671265 0.14302027225494385
vt 0.44807735085487366 0.2374783754348755
vt 0.38116782903671265 0.14302027225494385
vt 0.41067591309547424 0.254769504070282
vt 0.39266496896743774 0.028666555881500244
vt 0.4203711748123169 0.13307249546051025
vt 0.4536304473876953 0.1226310133934021
vt 0.39266496896743774 0.028666555881500244
vt 0.4536304473876953 0.1226310133934021
vt 0.42679890990257263 0.02239990234375
vt 0.44807735085487366 0.2374783754348755
vt 0.5092008113861084 0.32699835300445557
vt 0.5383219122886658 0.30711448192596436
vt 0.44807735085487366 0.2374783754348755
vt 0.5383219122886658 0.30711448192596436
vt 0.4804620146751404 0.2228621244430542
vt 0.5703242421150208 0.41651833057403564
vt 0.6591818332672119 0.4795689582824707
vt 0.6801477074623108 0.45036303997039795
vt 0.5703242421150208 0.41651833057403564
vt 0.6801477074623108 0.45036303997039795
vt 0.5961818099021912 0.3913668990135193
vt 0.7480394244194031 0.5426195859909058
vt 0.8527495861053467 0.5729508996009827
vt 0.864513635635376 0.5380818843841553
vt 0.7480394244194031 0.5426195859909058
vt 0.864513635635376 0.5380818843841553
vt 0.7641136050224304 0.5093592405319214
vt 0.41067591309547424 0.254769504070282
vt 0.38116782903671265 0.14302027225494385
vt 0.34204423427581787 0.15303635597229004
vt 0.41067591309547424 0.254769504070282
vt 0.34204423427581787 0.15303635597229004
vt 0.37341612577438354 0.27186334133148193
vt 0.541641116142273 0.4452071189880371
vt 0.4761584997177124 0.34998834133148193
vt 0.4429246187210083 0.3729361295700073
vt 0.541641116142273 0.4452071189880371
vt 0.4429246187210083 0.3729361295700073
vt 0.5124331116676331 0.47400885820388794
vt 0.7306852340698242 0.5794731676578522
vt 0.6361631751060486 0.5123401284217834
vt 0.6126707792282104 0.5452663898468018
vt 0.7306852340698242 0.5794731676578522
vt 0.6126707792282104 0.5452663898468018
vt 0.7129084467887878 0.616523951292038
vt 0.9540542364120483 0.6430670619010925
vt 0.8423697352409363 0.6112701296806335
vt 0.8316240310668945 0.6502935290336609
vt 0.9540542364120483 0.6430670619010925
vt 0.8316240310668945 0.6502935290336609
vt 0.950339674949646 0.6840630769729614
vt 0.27348315715789795 0.7484061121940613
vt 0.008697032928466797 0.7484061121940613
vt 0.008697032928466797 0.8722131103277206
vt 0.27348315715789795 0.7484061121940613
vt 0.008697032928466797 0.8722131103277206
vt 0.27348315715789795 0.8722131103277206
vt 0.27348315715789795 0.5007921457290649
vt 0.008697032928466797 0.5007921457290649
vt 0.008697032928466797 0.6245991289615631
vt 0.27348315715789795 0.5007921457290649
vt 0.008697032928466797 0.6245991289615631
vt 0.27348315715789795 0.6245991289615631
vt 0.27348315715789795 0.2531784176826477
vt 0.008697032928466797 0.2531784176826477
vt 0.008697032928466797 0.3769853115081787
vt 0.27348315715789795 0.2531784176826477
vt 0.008697032928466797 0.3769853115081787
vt 0.27348315715789795 0.3769853115081787
vt 0.27348315715789795 0.005564332008361816
vt 0.008697032928466797 0.005564332008361816
vt 0.008697032928466797 0.12937140464782715
vt 0.27348315715789795 0.005564332008361816
vt 0.008697032928466797 0.12937140464782715
vt 0.27348315715789795 0.12937140464782715
vt 0.9649136066436768 0.5668045282363892
vt 0.9758033752441406 0.40108877420425415
vt 0.864513635635376 0.5380818843841553
vt 0.9758033752441406 0.40108877420425415
vt 0.8299278020858765 0.36590367555618286
vt 0.864513635635376 0.5380818843841553
vt 0.7641136050224304 0.5093592405319214
vt 0.8299278020858765 0.36590367555618286
vt 0.6801477074623108 0.45036303997039795
vt 0.8299278020858765 0.36590367555618286
vt 0.7089613676071167 0.2816438674926758
vt 0.6801477074623108 0.45036303997039795
vt 0.5961818099021912 0.3913668990135193
vt 0.7089613676071167 0.2816438674926758
vt 0.5383219122886658 0.30711448192596436
vt 0.7089613676071167 0.2816438674926758
vt 0.6264767646789551 0.15929365158081055
vt 0.5383219122886658 0.30711448192596436
vt 0.4804620146751404 0.2228621244430542
vt 0.6264767646789551 0.15929365158081055
vt 0.4536304473876953 0.1226310133934021
vt 0.6264767646789551 0.15929365158081055
vt 0.5932308435440063 0.012987136840820312
vt 0.4536304473876953 0.1226310133934021
vn -0.1327125402715382 -0.7329692572499961 0.6671907145494941
vn -0.16663278017878874 0.5200580055824888 0.8377190384606591
vn -0.32764070173068655 0.5167003014007303 0.7909945442933332
vn -0.1327125402715382 -0.7329692572499961 0.6671907145494941
vn -0.32764070173068655 0.5167003014007303 0.7909945442933332
vn -0.2619717340886992 -0.7289517770083684 0.6324556247950539
vn -0.3779332461197833 -0.7329691750491119 0.5656170523465393
vn -0.4745296434875683 0.5200581372638103 0.7101838855657436
vn -0.6054009122563015 0.5167003774290048 0.6054010698734862
vn -0.3779332461197833 -0.7329691750491119 0.5656170523465393
vn -0.6054009122563015 0.5167003774290048 0.6054010698734862
vn -0.48406062864471877 -0.7289517689200905 0.4840605606578071
vn -0.5656170209674788 -0.7329691977787475 0.3779332489996796
vn -0.7101837289699896 0.520058208393087 0.47452979989591043
vn -0.7909944746173657 0.5167003995252638 0.3276407151976543
vn -0.5656170209674788 -0.7329691977787475 0.3779332489996796
vn -0.7909944746173657 0.5167003995252638 0.3276407151976543
vn -0.6324556402093187 -0.7289517782864584 0.2619716933190127
vn -0.667190722606253 -0.732969245333185 0.13271256558384797
vn -0.8377190727027477 0.5200579224499879 0.16663286748733241
vn -0.8561663517442045 0.516700278828083 1.8489279590148177e-8
vn -0.667190722606253 -0.732969245333185 0.13271256558384797
vn -0.8561663517442045 0.516700278828083 1.8489279590148177e-8
vn -0.6845651202367805 -0.7289517104412347 -2.4924113748316464e-8
vn -0.020994288653907338 0.9941928599490412 0.10554523707994826
vn -0.0421709480268507 0.9939096579956462 0.10180964043495103
vn -0.32764070173068655 0.5167003014007303 0.7909945442933332
vn -0.020994288653907338 0.9941928599490412 0.10554523707994826
vn -0.32764070173068655 0.5167003014007303 0.7909945442933332
vn -0.16663278017878874 0.5200580055824888 0.8377190384606591
vn -0.05978639896830842 0.9941928839971067 0.08947678977208491
vn -0.07792157584773855 0.9939096762340844 0.07792164978786449
vn -0.6054009122563015 0.5167003774290048 0.6054010698734862
vn -0.05978639896830842 0.9941928839971067 0.08947678977208491
vn -0.6054009122563015 0.5167003774290048 0.6054010698734862
vn -0.4745296434875683 0.5200581372638103 0.7101838855657436
vn -0.0894766640020608 0.9941928931175581 0.05978643553183463
vn -0.10180940415134605 0.9939096833393767 0.04217092114914951
vn -0.7909944746173657 0.5167003995252638 0.3276407151976543
vn -0.0894766640020608 0.9941928931175581 0.05978643553183463
vn -0.7909944746173657 0.5167003995252638 0.3276407151976543
vn -0.7101837289699896 0.520058208393087 0.47452979989591043
vn -0.1055450680429819 0.9941928778490594 0.020994290795531313
vn -0.11019797985199269 0.99390965647615 3.4020079414757284e-8
vn -0.8561663517442045 0.516700278828083 1.8489279590148177e-8
vn -0.1055450680429819 0.9941928778490594 0.020994290795531313
vn -0.8561663517442045 0.516700278828083 1.8489279590148177e-8
vn -0.8377190727027477 0.5200579224499879 0.16663286748733241
vn 0.11176857739166704 0.819621047539628 -0.5618977874470458
vn 1.837105540833494e-8 0.8230332442313542 -0.5679932032075841
vn 6.4948821025039204e-9 0.8459149075058362 -0.5333178876236879
vn 0.11176857739166704 0.819621047539628 -0.5618977874470458
vn 6.4948821025039204e-9 0.8459149075058362 -0.5333178876236879
vn 0.10314376349890611 0.8488108138900653 -0.5185379120899135
vn 0.3182889759748935 0.819621711231332 -0.47635320745333176
vn 0.21736162939512552 0.8230332047866497 -0.5247573400013695
vn 0.20409191718360387 0.8459149284445671 -0.4927214458240517
vn 0.3182889759748935 0.819621711231332 -0.47635320745333176
vn 0.20409191718360387 0.8459149284445671 -0.4927214458240517
vn 0.2937275620100914 0.8488115087802032 -0.43959429236272285
vn 0.47635312886005027 0.8196217638153488 -0.3182889581896568
vn 0.4016312799559784 0.8230337597515813 -0.40163135493895225
vn 0.377111901800377 0.8459156350495323 -0.37711185595158575
vn 0.47635312886005027 0.8196217638153488 -0.3182889581896568
vn 0.377111901800377 0.8459156350495323 -0.37711185595158575
vn 0.4395942136090102 0.8488115569164684 -0.29372754076953134
vn 0.561897446180482 0.8196212815490014 -0.11176857701440548
vn 0.524756998987979 0.823033442729022 -0.21736155171221958
vn 0.49272098350805094 0.8459152207634815 -0.20409182171642617
vn 0.561897446180482 0.8196212815490014 -0.11176857701440548
vn 0.49272098350805094 0.8459152207634815 -0.20409182171642617
vn 0.5185374477830674 0.8488110997010776 -0.10314374567015563
vn -0.021516338684845676 0.9984181305042465 0.0519450079411331
vn 0.20409191718360387 0.8459149284445671 -0.4927214458240517
vn 0.10314376349890611 0.8488108138900653 -0.5185379120899135
vn -0.039757003645592315 0.9984181292757072 0.03975700937849276
vn 0.377111901800377 0.8459156350495323 -0.37711185595158575
vn 0.2937275620100914 0.8488115087802032 -0.43959429236272285
vn -0.05194499799313092 0.9984181301496952 0.02151637915356573
vn 0.49272098350805094 0.8459152207634815 -0.20409182171642617
vn 0.4395942136090102 0.8488115569164684 -0.29372754076953134
vn -0.05622488315155921 0.9984181301011076 3.417439789809328e-8
vn 0.5333176791296284 0.84591503895355 2.895443928512414e-8
vn 0.5185374477830674 0.8488110997010776 -0.10314374567015563
vn 1.4830056119557422e-10 0.9999999999999992 3.4339768424651584e-8
vn -0.021516338684845676 0.9984181305042465 0.0519450079411331
vn 0 0.9984181295324377 0.05622489324977328
vn 1.4830056119557422e-10 0.9999999999999992 3.4339768424651584e-8
vn -0.039757003645592315 0.9984181292757072 0.03975700937849276
vn -0.021516338684845676 0.9984181305042465 0.0519450079411331
vn 1.4830056119557422e-10 0.9999999999999992 3.4339768424651584e-8
vn -0.05194499799313092 0.9984181301496952 0.02151637915356573
vn -0.039757003645592315 0.9984181292757072 0.03975700937849276
vn 1.4830056119557422e-10 0.9999999999999992 3.4339768424651584e-8
vn -0.05622488315155921 0.9984181301011076 3.417439789809328e-8
vn -0.05194499799313092 0.9984181301496952 0.02151637915356573
vn 0.561897446180482 0.8196212815490014 -0.11176857701440548
vn 0.5679930413561078 0.8230333559285662 2.5499079151329938e-8
vn -0.11019797985199269 0.99390965647615 3.4020079414757284e-8
vn 0.561897446180482 0.8196212815490014 -0.11176857701440548
vn -0.11019797985199269 0.99390965647615 3.4020079414757284e-8
vn -0.1055450680429819 0.9941928778490594 0.020994290795531313
vn 0.47635312886005027 0.8196217638153488 -0.3182889581896568
vn 0.524756998987979 0.823033442729022 -0.21736155171221958
vn -0.10180940415134605 0.9939096833393767 0.04217092114914951
vn 0.47635312886005027 0.8196217638153488 -0.3182889581896568
vn -0.10180940415134605 0.9939096833393767 0.04217092114914951
vn -0.0894766640020608 0.9941928931175581 0.05978643553183463
vn 0.3182889759748935 0.819621711231332 -0.47635320745333176
vn 0.4016312799559784 0.8230337597515813 -0.40163135493895225
vn -0.07792157584773855 0.9939096762340844 0.07792164978786449
vn 0.3182889759748935 0.819621711231332 -0.47635320745333176
vn -0.07792157584773855 0.9939096762340844 0.07792164978786449
vn -0.05978639896830842 0.9941928839971067 0.08947678977208491
vn 0.11176857739166704 0.819621047539628 -0.5618977874470458
vn 0.21736162939512552 0.8230332047866497 -0.5247573400013695
vn -0.0421709480268507 0.9939096579956462 0.10180964043495103
vn 0.11176857739166704 0.819621047539628 -0.5618977874470458
vn -0.0421709480268507 0.9939096579956462 0.10180964043495103
vn -0.020994288653907338 0.9941928599490412 0.10554523707994826
vn -0.6845651202367805 -0.7289517104412347 -2.4924113748316464e-8
vn 0 -0.9999999999999992 -3.422854328266378e-8
vn -6.528376355102573e-9 -0.7289516645040527 0.6845651691524853
vn -0.6845651202367805 -0.7289517104412347 -2.4924113748316464e-8
vn -6.528376355102573e-9 -0.7289516645040527 0.6845651691524853
vn -0.1327125402715382 -0.7329692572499961 0.6671907145494941
vn -0.6845651202367805 -0.7289517104412347 -2.4924113748316464e-8
vn -0.1327125402715382 -0.7329692572499961 0.6671907145494941
vn -0.2619717340886992 -0.7289517770083684 0.6324556247950539
vn -0.6845651202367805 -0.7289517104412347 -2.4924113748316464e-8
vn -0.2619717340886992 -0.7289517770083684 0.6324556247950539
vn -0.3779332461197833 -0.7329691750491119 0.5656170523465393
vn -0.6845651202367805 -0.7289517104412347 -2.4924113748316464e-8
vn -0.3779332461197833 -0.7329691750491119 0.5656170523465393
vn -0.48406062864471877 -0.7289517689200905 0.4840605606578071
vn -0.6845651202367805 -0.7289517104412347 -2.4924113748316464e-8
vn -0.48406062864471877 -0.7289517689200905 0.4840605606578071
vn -0.5656170209674788 -0.7329691977787475 0.3779332489996796
vn -0.6845651202367805 -0.7289517104412347 -2.4924113748316464e-8
vn -0.5656170209674788 -0.7329691977787475 0.3779332489996796
vn -0.6324556402093187 -0.7289517782864584 0.2619716933190127
vn -0.6845651202367805 -0.7289517104412347 -2.4924113748316464e-8
vn -0.6324556402093187 -0.7289517782864584 0.2619716933190127
vn -0.667190722606253 -0.732969245333185 0.13271256558384797
vn 1.837105540833494e-8 0.8230332442313542 -0.5679932032075841
vn 0.11176857739166704 0.819621047539628 -0.5618977874470458
vn -0.020994288653907338 0.9941928599490412 0.10554523707994826
vn 1.837105540833494e-8 0.8230332442313542 -0.5679932032075841
vn -0.020994288653907338 0.9941928599490412 0.10554523707994826
vn 1.4592139319744306e-8 0.993909644946756 0.1101980838391164
vn 0.21736162939512552 0.8230332047866497 -0.5247573400013695
vn 0.3182889759748935 0.819621711231332 -0.47635320745333176
vn -0.05978639896830842 0.9941928839971067 0.08947678977208491
vn 0.21736162939512552 0.8230332047866497 -0.5247573400013695
vn -0.05978639896830842 0.9941928839971067 0.08947678977208491
vn -0.0421709480268507 0.9939096579956462 0.10180964043495103
vn 0.4016312799559784 0.8230337597515813 -0.40163135493895225
vn 0.47635312886005027 0.8196217638153488 -0.3182889581896568
vn -0.0894766640020608 0.9941928931175581 0.05978643553183463
vn 0.4016312799559784 0.8230337597515813 -0.40163135493895225
vn -0.0894766640020608 0.9941928931175581 0.05978643553183463
vn -0.07792157584773855 0.9939096762340844 0.07792164978786449
vn 0.524756998987979 0.823033442729022 -0.21736155171221958
vn 0.561897446180482 0.8196212815490014 -0.11176857701440548
vn -0.1055450680429819 0.9941928778490594 0.020994290795531313
vn 0.524756998987979 0.823033442729022 -0.21736155171221958
vn -0.1055450680429819 0.9941928778490594 0.020994290795531313
vn -0.10180940415134605 0.9939096833393767 0.04217092114914951
vn 0.5679930413561078 0.8230333559285662 2.5499079151329938e-8
vn 0.561897446180482 0.8196212815490014 -0.11176857701440548
vn 0.5185374477830674 0.8488110997010776 -0.10314374567015563
vn 0.5679930413561078 0.8230333559285662 2.5499079151329938e-8
vn 0.5185374477830674 0.8488110997010776 -0.10314374567015563
vn 0.5333176791296284 0.84591503895355 2.895443928512414e-8
vn 0.524756998987979 0.823033442729022 -0.21736155171221958
vn 0.47635312886005027 0.8196217638153488 -0.3182889581896568
vn 0.4395942136090102 0.8488115569164684 -0.29372754076953134
vn 0.524756998987979 0.823033442729022 -0.21736155171221958
vn 0.4395942136090102 0.8488115569164684 -0.29372754076953134
vn 0.49272098350805094 0.8459152207634815 -0.20409182171642617
vn 0.4016312799559784 0.8230337597515813 -0.40163135493895225
vn 0.3182889759748935 0.819621711231332 -0.47635320745333176
vn 0.2937275620100914 0.8488115087802032 -0.43959429236272285
vn 0.4016312799559784 0.8230337597515813 -0.40163135493895225
vn 0.2937275620100914 0.8488115087802032 -0.43959429236272285
vn 0.377111901800377 0.8459156350495323 -0.37711185595158575
vn 0.21736162939512552 0.8230332047866497 -0.5247573400013695
vn 0.11176857739166704 0.819621047539628 -0.5618977874470458
vn 0.10314376349890611 0.8488108138900653 -0.5185379120899135
vn 0.21736162939512552 0.8230332047866497 -0.5247573400013695
vn 0.10314376349890611 0.8488108138900653 -0.5185379120899135
vn 0.20409191718360387 0.8459149284445671 -0.4927214458240517
vn -0.10180940415134605 0.9939096833393767 0.04217092114914951
vn -0.1055450680429819 0.9941928778490594 0.020994290795531313
vn -0.8377190727027477 0.5200579224499879 0.16663286748733241
vn -0.10180940415134605 0.9939096833393767 0.04217092114914951
vn -0.8377190727027477 0.5200579224499879 0.16663286748733241
vn -0.7909944746173657 0.5167003995252638 0.3276407151976543
vn -0.07792157584773855 0.9939096762340844 0.07792164978786449
vn -0.0894766640020608 0.9941928931175581 0.05978643553183463
vn -0.7101837289699896 0.520058208393087 0.47452979989591043
vn -0.07792157584773855 0.9939096762340844 0.07792164978786449
vn -0.7101837289699896 0.520058208393087 0.47452979989591043
vn -0.6054009122563015 0.5167003774290048 0.6054010698734862
vn -0.0421709480268507 0.9939096579956462 0.10180964043495103
vn -0.05978639896830842 0.9941928839971067 0.08947678977208491
vn -0.4745296434875683 0.5200581372638103 0.7101838855657436
vn -0.0421709480268507 0.9939096579956462 0.10180964043495103
vn -0.4745296434875683 0.5200581372638103 0.7101838855657436
vn -0.32764070173068655 0.5167003014007303 0.7909945442933332
vn 1.4592139319744306e-8 0.993909644946756 0.1101980838391164
vn -0.020994288653907338 0.9941928599490412 0.10554523707994826
vn -0.16663278017878874 0.5200580055824888 0.8377190384606591
vn 1.4592139319744306e-8 0.993909644946756 0.1101980838391164
vn -0.16663278017878874 0.5200580055824888 0.8377190384606591
vn 3.213526878072686e-9 0.5167002365586251 0.856166377254013
vn -0.6324556402093187 -0.7289517782864584 0.2619716933190127
vn -0.7909944746173657 0.5167003995252638 0.3276407151976543
vn -0.8377190727027477 0.5200579224499879 0.16663286748733241
vn -0.6324556402093187 -0.7289517782864584 0.2619716933190127
vn -0.8377190727027477 0.5200579224499879 0.16663286748733241
vn -0.667190722606253 -0.732969245333185 0.13271256558384797
vn -0.48406062864471877 -0.7289517689200905 0.4840605606578071
vn -0.6054009122563015 0.5167003774290048 0.6054010698734862
vn -0.7101837289699896 0.520058208393087 0.47452979989591043
vn -0.48406062864471877 -0.7289517689200905 0.4840605606578071
vn -0.7101837289699896 0.520058208393087 0.47452979989591043
vn -0.5656170209674788 -0.7329691977787475 0.3779332489996796
vn -0.2619717340886992 -0.7289517770083684 0.6324556247950539
vn -0.32764070173068655 0.5167003014007303 0.7909945442933332
vn -0.4745296434875683 0.5200581372638103 0.7101838855657436
vn -0.2619717340886992 -0.7289517770083684 0.6324556247950539
vn -0.4745296434875683 0.5200581372638103 0.7101838855657436
vn -0.3779332461197833 -0.7329691750491119 0.5656170523465393
vn -6.528376355102573e-9 -0.7289516645040527 0.6845651691524853
vn 3.213526878072686e-9 0.5167002365586251 0.856166377254013
vn -0.16663278017878874 0.5200580055824888 0.8377190384606591
vn -6.528376355102573e-9 -0.7289516645040527 0.6845651691524853
vn -0.16663278017878874 0.5200580055824888 0.8377190384606591
vn -0.1327125402715382 -0.7329692572499961 0.6671907145494941
vn 6.4948821025039204e-9 0.8459149075058362 -0.5333178876236879
vn 0 0.9984181295324377 0.05622489324977328
vn 0.10314376349890611 0.8488108138900653 -0.5185379120899135
vn 0 0.9984181295324377 0.05622489324977328
vn -0.021516338684845676 0.9984181305042465 0.0519450079411331
vn 0.10314376349890611 0.8488108138900653 -0.5185379120899135
vn 0.20409191718360387 0.8459149284445671 -0.4927214458240517
vn -0.021516338684845676 0.9984181305042465 0.0519450079411331
vn 0.2937275620100914 0.8488115087802032 -0.43959429236272285
vn -0.021516338684845676 0.9984181305042465 0.0519450079411331
vn -0.039757003645592315 0.9984181292757072 0.03975700937849276
vn 0.2937275620100914 0.8488115087802032 -0.43959429236272285
vn 0.377111901800377 0.8459156350495323 -0.37711185595158575
vn -0.039757003645592315 0.9984181292757072 0.03975700937849276
vn 0.4395942136090102 0.8488115569164684 -0.29372754076953134
vn -0.039757003645592315 0.9984181292757072 0.03975700937849276
vn -0.05194499799313092 0.9984181301496952 0.02151637915356573
vn 0.4395942136090102 0.8488115569164684 -0.29372754076953134
vn 0.49272098350805094 0.8459152207634815 -0.20409182171642617
vn -0.05194499799313092 0.9984181301496952 0.02151637915356573
vn 0.5185374477830674 0.8488110997010776 -0.10314374567015563
vn -0.05194499799313092 0.9984181301496952 0.02151637915356573
vn -0.05622488315155921 0.9984181301011076 3.417439789809328e-8
vn 0.5185374477830674 0.8488110997010776 -0.10314374567015563
vn 0.1327125402715382 -0.7329692572499961 0.6671907145494941
vn 0.2619717340886992 -0.7289517770083684 0.6324556247950539
vn 0.32764071182127946 0.5167002577092847 0.790994568654175
vn 0.1327125402715382 -0.7329692572499961 0.6671907145494941
vn 0.32764071182127946 0.5167002577092847 0.790994568654175
vn 0.16663280599856636 0.5200579335483964 0.8377190780437173
vn 0.3779332588611997 -0.7329691997599962 0.5656170118107697
vn 0.48406062864471877 -0.7289517689200905 0.4840605606578071
vn 0.6054009500152298 0.5167003587840238 0.6054010480277667
vn 0.3779332588611997 -0.7329691997599962 0.5656170118107697
vn 0.6054009500152298 0.5167003587840238 0.6054010480277667
vn 0.4745296434875683 0.5200581372638103 0.7101838855657436
vn 0.5656170209674788 -0.7329691977787475 0.3779332489996796
vn 0.6324556352715058 -0.728951772595266 0.2619717210760266
vn 0.7909945135662517 0.51670032642768 0.32764073644407815
vn 0.5656170209674788 -0.7329691977787475 0.3779332489996796
vn 0.7909945135662517 0.51670032642768 0.32764073644407815
vn 0.7101837289699896 0.520058208393087 0.47452979989591043
vn 0.6671907212868354 -0.7329692438836861 0.13271258022256086
vn 0.6845651202367805 -0.7289517104412347 -2.4924113942605496e-8
vn 0.8561663517442045 0.516700278828083 1.8489279590148177e-8
vn 0.6671907212868354 -0.7329692438836861 0.13271258022256086
vn 0.8561663517442045 0.516700278828083 1.8489279590148177e-8
vn 0.8377190747828233 0.5200579237413041 0.16663285299992406
vn 0.020994309067935556 0.9941928563941576 0.10554526650487879
vn 0.16663280599856636 0.5200579335483964 0.8377190780437173
vn 0.32764071182127946 0.5167002577092847 0.790994568654175
vn 0.020994309067935556 0.9941928563941576 0.10554526650487879
vn 0.32764071182127946 0.5167002577092847 0.790994568654175
vn 0.04217094414824362 0.9939096543821822 0.1018096773177144
vn 0.05978641365677862 0.994192880460262 0.08947681925609295
vn 0.4745296434875683 0.5200581372638103 0.7101838855657436
vn 0.6054009500152298 0.5167003587840238 0.6054010480277667
vn 0.05978641365677862 0.994192880460262 0.08947681925609295
vn 0.6054009500152298 0.5167003587840238 0.6054010480277667
vn 0.07792161273873494 0.9939096716178804 0.07792167177770035
vn 0.08947665651148837 0.9941928926731972 0.059786454131564165
vn 0.7101837289699896 0.520058208393087 0.47452979989591043
vn 0.7909945135662517 0.51670032642768 0.32764073644407815
vn 0.08947665651148837 0.9941928926731972 0.059786454131564165
vn 0.7909945135662517 0.51670032642768 0.32764073644407815
vn 0.10180946313817857 0.9939096773080196 0.04217092089324308
vn 0.10554514171467881 0.9941928699921245 0.020994292492262152
vn 0.8377190747828233 0.5200579237413041 0.16663285299992406
vn 0.8561663517442045 0.516700278828083 1.8489279590148177e-8
vn 0.10554514171467881 0.9941928699921245 0.020994292492262152
vn 0.8561663517442045 0.516700278828083 1.8489279590148177e-8
vn 0.11019797985199269 0.99390965647615 3.4020079414757284e-8
vn -0.11176854796164247 0.8196210502697552 -0.5618977893187065
vn -0.10314375612758972 0.8488108145423602 -0.5185379124884
vn 6.4948821025039204e-9 0.8459149075058362 -0.5333178876236879
vn -0.11176854796164247 0.8196210502697552 -0.5618977893187065
vn 6.4948821025039204e-9 0.8459149075058362 -0.5333178876236879
vn 1.837105540833494e-8 0.8230332442313542 -0.5679932032075841
vn -0.318288949191781 0.8196217190060587 -0.4763532119718993
vn -0.2937275620100914 0.8488115087802032 -0.43959429236272285
vn -0.20409190160352625 0.8459149852352525 -0.49272135477803153
vn -0.318288949191781 0.8196217190060587 -0.4763532119718993
vn -0.20409190160352625 0.8459149852352525 -0.49272135477803153
vn -0.21736165039089633 0.823033227863704 -0.524757295110414
vn -0.4763531749396649 0.8196217405439435 -0.31828894915252326
vn -0.4395942174571138 0.8488115643467626 -0.2937275135384307
vn -0.37711197194261364 0.8459155990822025 -0.37711186648917827
vn -0.4763531749396649 0.8196217405439435 -0.31828894915252326
vn -0.37711197194261364 0.8459155990822025 -0.37711186648917827
vn -0.40163125448769743 0.8230338282376563 -0.40163124006370143
vn -0.561897447584227 0.8196212835965972 -0.1117685549418861
vn -0.5185374477830674 0.8488110997010776 -0.10314374567015563
vn -0.49272098350805094 0.8459152207634815 -0.20409182171642617
vn -0.561897447584227 0.8196212835965972 -0.1117685549418861
vn -0.49272098350805094 0.8459152207634815 -0.20409182171642617
vn -0.5247569972883225 0.8230334400632666 -0.21736156590935937
vn 0.021516338684845676 0.9984181305042465 0.0519450079411331
vn -0.10314375612758972 0.8488108145423602 -0.5185379124884
vn -0.20409190160352625 0.8459149852352525 -0.49272135477803153
vn 0.039757003645592315 0.9984181292757072 0.03975700937849276
vn -0.2937275620100914 0.8488115087802032 -0.43959429236272285
vn -0.37711197194261364 0.8459155990822025 -0.37711186648917827
vn 0.05194499799313092 0.9984181301496952 0.02151637915356573
vn -0.4395942174571138 0.8488115643467626 -0.2937275135384307
vn -0.49272098350805094 0.8459152207634815 -0.20409182171642617
vn 0.05622488315155921 0.9984181301011076 3.417439789809328e-8
vn -0.5185374477830674 0.8488110997010776 -0.10314374567015563
vn -0.5333176791296284 0.84591503895355 2.895443928512414e-8
vn 1.4830056119557422e-10 0.9999999999999992 3.4339768424651584e-8
vn 0 0.9984181295324377 0.05622489324977328
vn 0.021516338684845676 0.9984181305042465 0.0519450079411331
vn 1.4830056119557422e-10 0.9999999999999992 3.4339768424651584e-8
vn 0.021516338684845676 0.9984181305042465 0.0519450079411331
vn 0.039757003645592315 0.9984181292757072 0.03975700937849276
vn 1.4830056119557422e-10 0.9999999999999992 3.4339768424651584e-8
vn 0.039757003645592315 0.9984181292757072 0.03975700937849276
vn 0.05194499799313092 0.9984181301496952 0.02151637915356573
vn 1.4830056119557422e-10 0.9999999999999992 3.4339768424651584e-8
vn 0.05194499799313092 0.9984181301496952 0.02151637915356573
vn 0.05622488315155921 0.9984181301011076 3.417439789809328e-8
vn -0.561897447584227 0.8196212835965972 -0.1117685549418861
vn 0.10554514171467881 0.9941928699921245 0.020994292492262152
vn 0.11019797985199269 0.99390965647615 3.4020079414757284e-8
vn -0.561897447584227 0.8196212835965972 -0.1117685549418861
vn 0.11019797985199269 0.99390965647615 3.4020079414757284e-8
vn -0.5679930413561078 0.8230333559285662 2.5499079151329938e-8
vn -0.4763531749396649 0.8196217405439435 -0.31828894915252326
vn 0.08947665651148837 0.9941928926731972 0.059786454131564165
vn 0.10180946313817857 0.9939096773080196 0.04217092089324308
vn -0.4763531749396649 0.8196217405439435 -0.31828894915252326
vn 0.10180946313817857 0.9939096773080196 0.04217092089324308
vn -0.5247569972883225 0.8230334400632666 -0.21736156590935937
vn -0.318288949191781 0.8196217190060587 -0.4763532119718993
vn 0.05978641365677862 0.994192880460262 0.08947681925609295
vn 0.07792161273873494 0.9939096716178804 0.07792167177770035
vn -0.318288949191781 0.8196217190060587 -0.4763532119718993
vn 0.07792161273873494 0.9939096716178804 0.07792167177770035
vn -0.40163125448769743 0.8230338282376563 -0.40163124006370143
vn -0.11176854796164247 0.8196210502697552 -0.5618977893187065
vn 0.020994309067935556 0.9941928563941576 0.10554526650487879
vn 0.04217094414824362 0.9939096543821822 0.1018096773177144
vn -0.11176854796164247 0.8196210502697552 -0.5618977893187065
vn 0.04217094414824362 0.9939096543821822 0.1018096773177144
vn -0.21736165039089633 0.823033227863704 -0.524757295110414
vn 0.6845651202367805 -0.7289517104412347 -2.4924113942605496e-8
vn 0.6671907212868354 -0.7329692438836861 0.13271258022256086
vn 0.6324556352715058 -0.728951772595266 0.2619717210760266
vn 0.6845651202367805 -0.7289517104412347 -2.4924113942605496e-8
vn 0.6324556352715058 -0.728951772595266 0.2619717210760266
vn 0.5656170209674788 -0.7329691977787475 0.3779332489996796
vn 0.6845651202367805 -0.7289517104412347 -2.4924113942605496e-8
vn 0.5656170209674788 -0.7329691977787475 0.3779332489996796
vn 0.48406062864471877 -0.7289517689200905 0.4840605606578071
vn 0.6845651202367805 -0.7289517104412347 -2.4924113942605496e-8
vn 0.48406062864471877 -0.7289517689200905 0.4840605606578071
vn 0.3779332588611997 -0.7329691997599962 0.5656170118107697
vn 0.6845651202367805 -0.7289517104412347 -2.4924113942605496e-8
vn 0.3779332588611997 -0.7329691997599962 0.5656170118107697
vn 0.2619717340886992 -0.7289517770083684 0.6324556247950539
vn 0.6845651202367805 -0.7289517104412347 -2.4924113942605496e-8
vn 0.2619717340886992 -0.7289517770083684 0.6324556247950539
vn 0.1327125402715382 -0.7329692572499961 0.6671907145494941
vn 0.6845651202367805 -0.7289517104412347 -2.4924113942605496e-8
vn 0.1327125402715382 -0.7329692572499961 0.6671907145494941
vn -6.528376355102573e-9 -0.7289516645040527 0.6845651691524853
vn 0.6845651202367805 -0.7289517104412347 -2.4924113942605496e-8
vn -6.528376355102573e-9 -0.7289516645040527 0.6845651691524853
vn 0 -0.9999999999999992 -3.422854328266378e-8
vn 1.837105540833494e-8 0.8230332442313542 -0.5679932032075841
vn 1.4592139319744306e-8 0.993909644946756 0.1101980838391164
vn 0.020994309067935556 0.9941928563941576 0.10554526650487879
vn 1.837105540833494e-8 0.8230332442313542 -0.5679932032075841
vn 0.020994309067935556 0.9941928563941576 0.10554526650487879
vn -0.11176854796164247 0.8196210502697552 -0.5618977893187065
vn -0.21736165039089633 0.823033227863704 -0.524757295110414
vn 0.04217094414824362 0.9939096543821822 0.1018096773177144
vn 0.05978641365677862 0.994192880460262 0.08947681925609295
vn -0.21736165039089633 0.823033227863704 -0.524757295110414
vn 0.05978641365677862 0.994192880460262 0.08947681925609295
vn -0.318288949191781 0.8196217190060587 -0.4763532119718993
vn -0.40163125448769743 0.8230338282376563 -0.40163124006370143
vn 0.07792161273873494 0.9939096716178804 0.07792167177770035
vn 0.08947665651148837 0.9941928926731972 0.059786454131564165
vn -0.40163125448769743 0.8230338282376563 -0.40163124006370143
vn 0.08947665651148837 0.9941928926731972 0.059786454131564165
vn -0.4763531749396649 0.8196217405439435 -0.31828894915252326
vn -0.5247569972883225 0.8230334400632666 -0.21736156590935937
vn 0.10180946313817857 0.9939096773080196 0.04217092089324308
vn 0.10554514171467881 0.9941928699921245 0.020994292492262152
vn -0.5247569972883225 0.8230334400632666 -0.21736156590935937
vn 0.10554514171467881 0.9941928699921245 0.020994292492262152
vn -0.561897447584227 0.8196212835965972 -0.1117685549418861
vn -0.5679930413561078 0.8230333559285662 2.5499079151329938e-8
vn -0.5333176791296284 0.84591503895355 2.895443928512414e-8
vn -0.5185374477830674 0.8488110997010776 -0.10314374567015563
vn -0.5679930413561078 0.8230333559285662 2.5499079151329938e-8
vn -0.5185374477830674 0.8488110997010776 -0.10314374567015563
vn -0.561897447584227 0.8196212835965972 -0.1117685549418861
vn -0.5247569972883225 0.8230334400632666 -0.21736156590935937
vn -0.49272098350805094 0.8459152207634815 -0.20409182171642617
vn -0.4395942174571138 0.8488115643467626 -0.2937275135384307
vn -0.5247569972883225 0.8230334400632666 -0.21736156590935937
vn -0.4395942174571138 0.8488115643467626 -0.2937275135384307
vn -0.4763531749396649 0.8196217405439435 -0.31828894915252326
vn -0.40163125448769743 0.8230338282376563 -0.40163124006370143
vn -0.37711197194261364 0.8459155990822025 -0.37711186648917827
vn -0.2937275620100914 0.8488115087802032 -0.43959429236272285
vn -0.40163125448769743 0.8230338282376563 -0.40163124006370143
vn -0.2937275620100914 0.8488115087802032 -0.43959429236272285
vn -0.318288949191781 0.8196217190060587 -0.4763532119718993
vn -0.21736165039089633 0.823033227863704 -0.524757295110414
vn -0.20409190160352625 0.8459149852352525 -0.49272135477803153
vn -0.10314375612758972 0.8488108145423602 -0.5185379124884
vn -0.21736165039089633 0.823033227863704 -0.524757295110414
vn -0.10314375612758972 0.8488108145423602 -0.5185379124884
vn -0.11176854796164247 0.8196210502697552 -0.5618977893187065
vn 0.10180946313817857 0.9939096773080196 0.04217092089324308
vn 0.7909945135662517 0.51670032642768 0.32764073644407815
vn 0.8377190747828233 0.5200579237413041 0.16663285299992406
vn 0.10180946313817857 0.9939096773080196 0.04217092089324308
vn 0.8377190747828233 0.5200579237413041 0.16663285299992406
vn 0.10554514171467881 0.9941928699921245 0.020994292492262152
vn 0.07792161273873494 0.9939096716178804 0.07792167177770035
vn 0.6054009500152298 0.5167003587840238 0.6054010480277667
vn 0.7101837289699896 0.520058208393087 0.47452979989591043
vn 0.07792161273873494 0.9939096716178804 0.07792167177770035
vn 0.7101837289699896 0.520058208393087 0.47452979989591043
vn 0.08947665651148837 0.9941928926731972 0.059786454131564165
vn 0.04217094414824362 0.9939096543821822 0.1018096773177144
vn 0.32764071182127946 0.5167002577092847 0.790994568654175
vn 0.4745296434875683 0.5200581372638103 0.7101838855657436
vn 0.04217094414824362 0.9939096543821822 0.1018096773177144
vn 0.4745296434875683 0.5200581372638103 0.7101838855657436
vn 0.05978641365677862 0.994192880460262 0.08947681925609295
vn 1.4592139319744306e-8 0.993909644946756 0.1101980838391164
vn 3.213526878072686e-9 0.5167002365586251 0.856166377254013
vn 0.16663280599856636 0.5200579335483964 0.8377190780437173
vn 1.4592139319744306e-8 0.993909644946756 0.1101980838391164
vn 0.16663280599856636 0.5200579335483964 0.8377190780437173
vn 0.020994309067935556 0.9941928563941576 0.10554526650487879
vn 0.6324556352715058 -0.728951772595266 0.2619717210760266
vn 0.6671907212868354 -0.7329692438836861 0.13271258022256086
vn 0.8377190747828233 0.5200579237413041 0.16663285299992406
vn 0.6324556352715058 -0.728951772595266 0.2619717210760266
vn 0.8377190747828233 0.5200579237413041 0.16663285299992406
vn 0.7909945135662517 0.51670032642768 0.32764073644407815
vn 0.48406062864471877 -0.7289517689200905 0.4840605606578071
vn 0.5656170209674788 -0.7329691977787475 0.3779332489996796
vn 0.7101837289699896 0.520058208393087 0.47452979989591043
vn 0.48406062864471877 -0.7289517689200905 0.4840605606578071
vn 0.7101837289699896 0.520058208393087 0.47452979989591043
vn 0.6054009500152298 0.5167003587840238 0.6054010480277667
vn 0.2619717340886992 -0.7289517770083684 0.6324556247950539
vn 0.3779332588611997 -0.7329691997599962 0.5656170118107697
vn 0.4745296434875683 0.5200581372638103 0.7101838855657436
vn 0.2619717340886992 -0.7289517770083684 0.6324556247950539
vn 0.4745296434875683 0.5200581372638103 0.7101838855657436
vn 0.32764071182127946 0.5167002577092847 0.790994568654175
vn -6.528376355102573e-9 -0.7289516645040527 0.6845651691524853
vn 0.1327125402715382 -0.7329692572499961 0.6671907145494941
vn 0.16663280599856636 0.5200579335483964 0.8377190780437173
vn -6.528376355102573e-9 -0.7289516645040527 0.6845651691524853
vn 0.16663280599856636 0.5200579335483964 0.8377190780437173
vn 3.213526878072686e-9 0.5167002365586251 0.856166377254013
vn 6.4948821025039204e-9 0.8459149075058362 -0.5333178876236879
vn -0.10314375612758972 0.8488108145423602 -0.5185379124884
vn 0 0.9984181295324377 0.05622489324977328
vn 0 0.9984181295324377 0.05622489324977328
vn -0.10314375612758972 0.8488108145423602 -0.5185379124884
vn 0.021516338684845676 0.9984181305042465 0.0519450079411331
vn -0.20409190160352625 0.8459149852352525 -0.49272135477803153
vn -0.2937275620100914 0.8488115087802032 -0.43959429236272285
vn 0.021516338684845676 0.9984181305042465 0.0519450079411331
vn 0.021516338684845676 0.9984181305042465 0.0519450079411331
vn -0.2937275620100914 0.8488115087802032 -0.43959429236272285
vn 0.039757003645592315 0.9984181292757072 0.03975700937849276
vn -0.37711197194261364 0.8459155990822025 -0.37711186648917827
vn -0.4395942174571138 0.8488115643467626 -0.2937275135384307
vn 0.039757003645592315 0.9984181292757072 0.03975700937849276
vn 0.039757003645592315 0.9984181292757072 0.03975700937849276
vn -0.4395942174571138 0.8488115643467626 -0.2937275135384307
vn 0.05194499799313092 0.9984181301496952 0.02151637915356573
vn -0.49272098350805094 0.8459152207634815 -0.20409182171642617
vn -0.5185374477830674 0.8488110997010776 -0.10314374567015563
vn 0.05194499799313092 0.9984181301496952 0.02151637915356573
vn 0.05194499799313092 0.9984181301496952 0.02151637915356573
vn -0.5185374477830674 0.8488110997010776 -0.10314374567015563
vn 0.05622488315155921 0.9984181301011076 3.417439789809328e-8
vn -0.1327125402715382 -0.7329692115760622 -0.667190764726432
vn -0.2619717340886992 -0.7289517337122976 -0.632455674696967
vn -0.32764071182127946 0.5167003118584667 -0.7909945332823792
vn -0.1327125402715382 -0.7329692115760622 -0.667190764726432
vn -0.32764071182127946 0.5167003118584667 -0.7909945332823792
vn -0.1666328059985664 0.5200579908962022 -0.8377190424420646
vn -0.3779332588611997 -0.732969161039502 -0.5656170619877039
vn -0.48406062864471877 -0.7289517357827134 -0.48406061055971994
vn -0.6054009500152299 0.5167004002280141 -0.6054010126559645
vn -0.3779332588611997 -0.732969161039502 -0.5656170619877039
vn -0.6054009500152299 0.5167004002280141 -0.6054010126559645
vn -0.4745296434875683 0.5200581858809284 -0.7101838499640772
vn -0.5656170209674788 -0.7329691719065369 -0.3779332991766141
vn -0.6324556352715058 -0.7289517546614437 -0.26197177097794017
vn -0.7909945135662517 0.516700348857009 -0.3276407010722787
vn -0.5656170209674788 -0.7329691719065369 -0.3779332991766141
vn -0.7909945135662517 0.516700348857009 -0.3276407010722787
vn -0.7101837289699896 0.520058240878013 -0.4745297642942399
vn -0.6671907212868354 -0.7329692347985679 -0.1327126303994991
vn -0.6845651202367805 -0.7289517104412347 -2.4924113748316464e-8
vn -0.8561663517442045 0.516700278828083 1.8489279590148177e-8
vn -0.6671907212868354 -0.7329692347985679 -0.1327126303994991
vn -0.8561663517442045 0.516700278828083 1.8489279590148177e-8
vn -0.8377190747828235 0.5200579351485026 -0.1666328173982737
vn -0.020994309067935552 0.9941928636194766 -0.10554519844533267
vn -0.1666328059985664 0.5200579908962022 -0.8377190424420646
vn -0.32764071182127946 0.5167003118584667 -0.7909945332823792
vn -0.020994309067935552 0.9941928636194766 -0.10554519844533267
vn -0.32764071182127946 0.5167003118584667 -0.7909945332823792
vn -0.04217094414824363 0.9939096613517736 -0.1018096092775555
vn -0.05978641365677862 0.9941928865855821 -0.08947675119654522
vn -0.4745296434875683 0.5200581858809284 -0.7101838499640772
vn -0.6054009500152299 0.5167004002280141 -0.6054010126559645
vn -0.05978641365677862 0.9941928865855821 -0.08947675119654522
vn -0.6054009500152299 0.5167004002280141 -0.6054010126559645
vn -0.07792161273873495 0.9939096769521687 -0.07792160373754031
vn -0.08947665651148837 0.9941928967660012 -0.05978638607201567
vn -0.7101837289699896 0.520058240878013 -0.4745297642942399
vn -0.7909945135662517 0.516700348857009 -0.3276407010722787
vn -0.08947665651148837 0.9941928967660012 -0.05978638607201567
vn -0.7909945135662517 0.516700348857009 -0.3276407010722787
vn -0.10180946313817858 0.9939096801949155 -0.04217085285308273
vn -0.10554514171467881 0.9941928714293303 -0.020994224432715303
vn -0.8377190747828235 0.5200579351485026 -0.1666328173982737
vn -0.8561663517442045 0.516700278828083 1.8489279590148177e-8
vn -0.10554514171467881 0.9941928714293303 -0.020994224432715303
vn -0.8561663517442045 0.516700278828083 1.8489279590148177e-8
vn -0.11019797985199269 0.99390965647615 3.4020079414757284e-8
vn 0.11176854796164248 0.8196210118038679 0.5618978454275738
vn 0.10314375612758972 0.8488107790447637 0.5185379705955137
vn -5.381473678633364e-9 0.8459148709964458 0.5333179455325562
vn 0.11176854796164248 0.8196210118038679 0.5618978454275738
vn -5.381473678633364e-9 0.8459148709964458 0.5333179455325562
vn -1.8037036380579466e-8 0.8230332053481926 0.5679932595500403
vn 0.3182889491917811 0.819621686396304 0.4763532680808127
vn 0.2937275620100913 0.8488114786868569 0.43959435046988415
vn 0.2040919016035263 0.8459149515049826 0.4927214126869054
vn 0.3182889491917811 0.819621686396304 0.4763532680808127
vn 0.2040919016035263 0.8459149515049826 0.4927214126869054
vn 0.21736165039089636 0.8230331919403467 0.5247573514528694
vn 0.4763531749396648 0.8196217187548076 0.3182890052614384
vn 0.4395942174571138 0.8488115442390312 0.2937275716455962
vn 0.37711197194261364 0.8459155732662211 0.37711192439809427
vn 0.4763531749396648 0.8196217187548076 0.3182890052614384
vn 0.37711197194261364 0.8459155732662211 0.37711192439809427
vn 0.40163125448769743 0.82303380074315 0.40163129640619805
vn 0.561897447584227 0.8196212759452456 0.11176861105077053
vn 0.5185374477830674 0.8488110926401555 0.10314380377728984
vn 0.49272098350805094 0.845915206791948 0.20409187962531675
vn 0.561897447584227 0.8196212759452456 0.11176861105077053
vn 0.49272098350805094 0.845915206791948 0.20409187962531675
vn 0.5247569972883225 0.8230334251833253 0.21736162225182984
vn -0.021516338684845676 0.998418134060248 -0.05194493959233715
vn 0.10314375612758972 0.8488107790447637 0.5185379705955137
vn 0.2040919016035263 0.8459149515049826 0.4927214126869054
vn -0.039757003645592315 0.9984181319973539 -0.03975694102969693
vn 0.2937275620100913 0.8488114786868569 0.43959435046988415
vn 0.37711197194261364 0.8459155732662211 0.37711192439809427
vn -0.05194499799313092 0.9984181316226415 -0.021516310804769883
vn 0.4395942174571138 0.8488115442390312 0.2937275716455962
vn 0.49272098350805094 0.845915206791948 0.20409187962531675
vn -0.05622488315155921 0.9984181301011076 3.417439789809328e-8
vn 0.5185374477830674 0.8488110926401555 0.10314380377728984
vn 0.5333176791296284 0.84591503895355 2.895443928512414e-8
vn 1.4830056119557422e-10 0.9999999999999992 3.4339768424651584e-8
vn 0 0.9984181333814277 -0.05622482490097738
vn -0.021516338684845676 0.998418134060248 -0.05194493959233715
vn 1.4830056119557422e-10 0.9999999999999992 3.4339768424651584e-8
vn -0.021516338684845676 0.998418134060248 -0.05194493959233715
vn -0.039757003645592315 0.9984181319973539 -0.03975694102969693
vn 1.4830056119557422e-10 0.9999999999999992 3.4339768424651584e-8
vn -0.039757003645592315 0.9984181319973539 -0.03975694102969693
vn -0.05194499799313092 0.9984181316226415 -0.021516310804769883
vn 1.4830056119557422e-10 0.9999999999999992 3.4339768424651584e-8
vn -0.05194499799313092 0.9984181316226415 -0.021516310804769883
vn -0.05622488315155921 0.9984181301011076 3.417439789809328e-8
vn 0.561897447584227 0.8196212759452456 0.11176861105077053
vn -0.10554514171467881 0.9941928714293303 -0.020994224432715303
vn -0.11019797985199269 0.99390965647615 3.4020079414757284e-8
vn 0.561897447584227 0.8196212759452456 0.11176861105077053
vn -0.11019797985199269 0.99390965647615 3.4020079414757284e-8
vn 0.5679930413561078 0.8230333559285662 2.5499079151329938e-8
vn 0.4763531749396648 0.8196217187548076 0.3182890052614384
vn -0.08947665651148837 0.9941928967660012 -0.05978638607201567
vn -0.10180946313817858 0.9939096801949155 -0.04217085285308273
vn 0.4763531749396648 0.8196217187548076 0.3182890052614384
vn -0.10180946313817858 0.9939096801949155 -0.04217085285308273
vn 0.5247569972883225 0.8230334251833253 0.21736162225182984
vn 0.3182889491917811 0.819621686396304 0.4763532680808127
vn -0.05978641365677862 0.9941928865855821 -0.08947675119654522
vn -0.07792161273873495 0.9939096769521687 -0.07792160373754031
vn 0.3182889491917811 0.819621686396304 0.4763532680808127
vn -0.07792161273873495 0.9939096769521687 -0.07792160373754031
vn 0.40163125448769743 0.82303380074315 0.40163129640619805
vn 0.11176854796164248 0.8196210118038679 0.5618978454275738
vn -0.020994309067935552 0.9941928636194766 -0.10554519844533267
vn -0.04217094414824363 0.9939096613517736 -0.1018096092775555
vn 0.11176854796164248 0.8196210118038679 0.5618978454275738
vn -0.04217094414824363 0.9939096613517736 -0.1018096092775555
vn 0.21736165039089636 0.8230331919403467 0.5247573514528694
vn -0.6845651202367805 -0.7289517104412347 -2.4924113748316464e-8
vn -0.6671907212868354 -0.7329692347985679 -0.1327126303994991
vn -0.6324556352715058 -0.7289517546614437 -0.26197177097794017
vn -0.6845651202367805 -0.7289517104412347 -2.4924113748316464e-8
vn -0.6324556352715058 -0.7289517546614437 -0.26197177097794017
vn -0.5656170209674788 -0.7329691719065369 -0.3779332991766141
vn -0.6845651202367805 -0.7289517104412347 -2.4924113748316464e-8
vn -0.5656170209674788 -0.7329691719065369 -0.3779332991766141
vn -0.48406062864471877 -0.7289517357827134 -0.48406061055971994
vn -0.6845651202367805 -0.7289517104412347 -2.4924113748316464e-8
vn -0.48406062864471877 -0.7289517357827134 -0.48406061055971994
vn -0.3779332588611997 -0.732969161039502 -0.5656170619877039
vn -0.6845651202367805 -0.7289517104412347 -2.4924113748316464e-8
vn -0.3779332588611997 -0.732969161039502 -0.5656170619877039
vn -0.2619717340886992 -0.7289517337122976 -0.632455674696967
vn -0.6845651202367805 -0.7289517104412347 -2.4924113748316464e-8
vn -0.2619717340886992 -0.7289517337122976 -0.632455674696967
vn -0.1327125402715382 -0.7329692115760622 -0.667190764726432
vn -0.6845651202367805 -0.7289517104412347 -2.4924113748316464e-8
vn -0.1327125402715382 -0.7329692115760622 -0.667190764726432
vn 6.528376355102572e-9 -0.7289516176407141 -0.6845652190543905
vn -0.6845651202367805 -0.7289517104412347 -2.4924113748316464e-8
vn 6.528376355102572e-9 -0.7289516176407141 -0.6845652190543905
vn 0 -0.9999999999999992 -3.422854328266378e-8
vn -1.8037036380579466e-8 0.8230332053481926 0.5679932595500403
vn -1.459213754338754e-8 0.9939096524905936 -0.11019801579895812
vn -0.020994309067935552 0.9941928636194766 -0.10554519844533267
vn -1.8037036380579466e-8 0.8230332053481926 0.5679932595500403
vn -0.020994309067935552 0.9941928636194766 -0.10554519844533267
vn 0.11176854796164248 0.8196210118038679 0.5618978454275738
vn 0.21736165039089636 0.8230331919403467 0.5247573514528694
vn -0.04217094414824363 0.9939096613517736 -0.1018096092775555
vn -0.05978641365677862 0.9941928865855821 -0.08947675119654522
vn 0.21736165039089636 0.8230331919403467 0.5247573514528694
vn -0.05978641365677862 0.9941928865855821 -0.08947675119654522
vn 0.3182889491917811 0.819621686396304 0.4763532680808127
vn 0.40163125448769743 0.82303380074315 0.40163129640619805
vn -0.07792161273873495 0.9939096769521687 -0.07792160373754031
vn -0.08947665651148837 0.9941928967660012 -0.05978638607201567
vn 0.40163125448769743 0.82303380074315 0.40163129640619805
vn -0.08947665651148837 0.9941928967660012 -0.05978638607201567
vn 0.4763531749396648 0.8196217187548076 0.3182890052614384
vn 0.5247569972883225 0.8230334251833253 0.21736162225182984
vn -0.10180946313817858 0.9939096801949155 -0.04217085285308273
vn -0.10554514171467881 0.9941928714293303 -0.020994224432715303
vn 0.5247569972883225 0.8230334251833253 0.21736162225182984
vn -0.10554514171467881 0.9941928714293303 -0.020994224432715303
vn 0.561897447584227 0.8196212759452456 0.11176861105077053
vn 0.5679930413561078 0.8230333559285662 2.5499079151329938e-8
vn 0.5333176791296284 0.84591503895355 2.895443928512414e-8
vn 0.5185374477830674 0.8488110926401555 0.10314380377728984
vn 0.5679930413561078 0.8230333559285662 2.5499079151329938e-8
vn 0.5185374477830674 0.8488110926401555 0.10314380377728984
vn 0.561897447584227 0.8196212759452456 0.11176861105077053
vn 0.5247569972883225 0.8230334251833253 0.21736162225182984
vn 0.49272098350805094 0.845915206791948 0.20409187962531675
vn 0.4395942174571138 0.8488115442390312 0.2937275716455962
vn 0.5247569972883225 0.8230334251833253 0.21736162225182984
vn 0.4395942174571138 0.8488115442390312 0.2937275716455962
vn 0.4763531749396648 0.8196217187548076 0.3182890052614384
vn 0.40163125448769743 0.82303380074315 0.40163129640619805
vn 0.37711197194261364 0.8459155732662211 0.37711192439809427
vn 0.2937275620100913 0.8488114786868569 0.43959435046988415
vn 0.40163125448769743 0.82303380074315 0.40163129640619805
vn 0.2937275620100913 0.8488114786868569 0.43959435046988415
vn 0.3182889491917811 0.819621686396304 0.4763532680808127
vn 0.21736165039089636 0.8230331919403467 0.5247573514528694
vn 0.2040919016035263 0.8459149515049826 0.4927214126869054
vn 0.10314375612758972 0.8488107790447637 0.5185379705955137
vn 0.21736165039089636 0.8230331919403467 0.5247573514528694
vn 0.10314375612758972 0.8488107790447637 0.5185379705955137
vn 0.11176854796164248 0.8196210118038679 0.5618978454275738
vn -0.10180946313817858 0.9939096801949155 -0.04217085285308273
vn -0.7909945135662517 0.516700348857009 -0.3276407010722787
vn -0.8377190747828235 0.5200579351485026 -0.1666328173982737
vn -0.10180946313817858 0.9939096801949155 -0.04217085285308273
vn -0.8377190747828235 0.5200579351485026 -0.1666328173982737
vn -0.10554514171467881 0.9941928714293303 -0.020994224432715303
vn -0.07792161273873495 0.9939096769521687 -0.07792160373754031
vn -0.6054009500152299 0.5167004002280141 -0.6054010126559645
vn -0.7101837289699896 0.520058240878013 -0.4745297642942399
vn -0.07792161273873495 0.9939096769521687 -0.07792160373754031
vn -0.7101837289699896 0.520058240878013 -0.4745297642942399
vn -0.08947665651148837 0.9941928967660012 -0.05978638607201567
vn -0.04217094414824363 0.9939096613517736 -0.1018096092775555
vn -0.32764071182127946 0.5167003118584667 -0.7909945332823792
vn -0.4745296434875683 0.5200581858809284 -0.7101838499640772
vn -0.04217094414824363 0.9939096613517736 -0.1018096092775555
vn -0.4745296434875683 0.5200581858809284 -0.7101838499640772
vn -0.05978641365677862 0.9941928865855821 -0.08947675119654522
vn -1.459213754338754e-8 0.9939096524905936 -0.11019801579895812
vn -6.427053756145372e-9 0.5167002951692792 -0.8561663418822185
vn -0.1666328059985664 0.5200579908962022 -0.8377190424420646
vn -1.459213754338754e-8 0.9939096524905936 -0.11019801579895812
vn -0.1666328059985664 0.5200579908962022 -0.8377190424420646
vn -0.020994309067935552 0.9941928636194766 -0.10554519844533267
vn -0.6324556352715058 -0.7289517546614437 -0.26197177097794017
vn -0.6671907212868354 -0.7329692347985679 -0.1327126303994991
vn -0.8377190747828235 0.5200579351485026 -0.1666328173982737
vn -0.6324556352715058 -0.7289517546614437 -0.26197177097794017
vn -0.8377190747828235 0.5200579351485026 -0.1666328173982737
vn -0.7909945135662517 0.516700348857009 -0.3276407010722787
vn -0.48406062864471877 -0.7289517357827134 -0.48406061055971994
vn -0.5656170209674788 -0.7329691719065369 -0.3779332991766141
vn -0.7101837289699896 0.520058240878013 -0.4745297642942399
vn -0.48406062864471877 -0.7289517357827134 -0.48406061055971994
vn -0.7101837289699896 0.520058240878013 -0.4745297642942399
vn -0.6054009500152299 0.5167004002280141 -0.6054010126559645
vn -0.2619717340886992 -0.7289517337122976 -0.632455674696967
vn -0.3779332588611997 -0.732969161039502 -0.5656170619877039
vn -0.4745296434875683 0.5200581858809284 -0.7101838499640772
vn -0.2619717340886992 -0.7289517337122976 -0.632455674696967
vn -0.4745296434875683 0.5200581858809284 -0.7101838499640772
vn -0.32764071182127946 0.5167003118584667 -0.7909945332823792
vn 6.528376355102572e-9 -0.7289516176407141 -0.6845652190543905
vn -0.1327125402715382 -0.7329692115760622 -0.667190764726432
vn -0.1666328059985664 0.5200579908962022 -0.8377190424420646
vn 6.528376355102572e-9 -0.7289516176407141 -0.6845652190543905
vn -0.1666328059985664 0.5200579908962022 -0.8377190424420646
vn -6.427053756145372e-9 0.5167002951692792 -0.8561663418822185
vn -5.381473678633364e-9 0.8459148709964458 0.5333179455325562
vn 0.10314375612758972 0.8488107790447637 0.5185379705955137
vn 0 0.9984181333814277 -0.05622482490097738
vn 0 0.9984181333814277 -0.05622482490097738
vn 0.10314375612758972 0.8488107790447637 0.5185379705955137
vn -0.021516338684845676 0.998418134060248 -0.05194493959233715
vn 0.2040919016035263 0.8459149515049826 0.4927214126869054
vn 0.2937275620100913 0.8488114786868569 0.43959435046988415
vn -0.021516338684845676 0.998418134060248 -0.05194493959233715
vn -0.021516338684845676 0.998418134060248 -0.05194493959233715
vn 0.2937275620100913 0.8488114786868569 0.43959435046988415
vn -0.039757003645592315 0.9984181319973539 -0.03975694102969693
vn 0.37711197194261364 0.8459155732662211 0.37711192439809427
vn 0.4395942174571138 0.8488115442390312 0.2937275716455962
vn -0.039757003645592315 0.9984181319973539 -0.03975694102969693
vn -0.039757003645592315 0.9984181319973539 -0.03975694102969693
vn 0.4395942174571138 0.8488115442390312 0.2937275716455962
vn -0.05194499799313092 0.9984181316226415 -0.021516310804769883
vn 0.49272098350805094 0.845915206791948 0.20409187962531675
vn 0.5185374477830674 0.8488110926401555 0.10314380377728984
vn -0.05194499799313092 0.9984181316226415 -0.021516310804769883
vn -0.05194499799313092 0.9984181316226415 -0.021516310804769883
vn 0.5185374477830674 0.8488110926401555 0.10314380377728984
vn -0.05622488315155921 0.9984181301011076 3.417439789809328e-8
vn 0.1327125402715382 -0.7329692115760622 -0.667190764726432
vn 0.16663278017878874 0.5200580629302918 -0.8377190028590017
vn 0.32764070173068655 0.5167003555499106 -0.7909945089215344
vn 0.1327125402715382 -0.7329692115760622 -0.667190764726432
vn 0.32764070173068655 0.5167003555499106 -0.7909945089215344
vn 0.2619717340886992 -0.7289517337122976 -0.632455674696967
vn 0.3779332461197833 -0.732969136328615 -0.5656171025234717
vn 0.4745296434875683 0.5200581858809284 -0.7101838499640772
vn 0.6054009122563015 0.5167004188729967 -0.6054010345016825
vn 0.3779332461197833 -0.732969136328615 -0.5656171025234717
vn 0.6054009122563015 0.5167004188729967 -0.6054010345016825
vn 0.48406062864471877 -0.7289517357827134 -0.48406061055971994
vn 0.5656170209674788 -0.7329691719065369 -0.3779332991766141
vn 0.7101837289699896 0.520058240878013 -0.4745297642942399
vn 0.7909944746173657 0.5167004219545912 -0.3276406798258499
vn 0.5656170209674788 -0.7329691719065369 -0.3779332991766141
vn 0.7909944746173657 0.5167004219545912 -0.3276406798258499
vn 0.6324556402093185 -0.728951760352638 -0.2619717432209266
vn 0.6671907226062531 -0.7329692362480678 -0.13271261576078636
vn 0.8377190727027477 0.5200579338571873 -0.1666328318856821
vn 0.8561663517442045 0.516700278828083 1.8489279590148177e-8
vn 0.6671907226062531 -0.7329692362480678 -0.13271261576078636
vn 0.8561663517442045 0.516700278828083 1.8489279590148177e-8
vn 0.6845651202367805 -0.7289517104412347 -2.4924113942605496e-8
vn 0.020994288653907338 0.9941928671743583 -0.10554516902040191
vn 0.04217094802685071 0.9939096649652354 -0.10180957239479188
vn 0.32764070173068655 0.5167003555499106 -0.7909945089215344
vn 0.020994288653907338 0.9941928671743583 -0.10554516902040191
vn 0.32764070173068655 0.5167003555499106 -0.7909945089215344
vn 0.16663278017878874 0.5200580629302918 -0.8377190028590017
vn 0.059786398968308396 0.9941928901224245 -0.08947672171253691
vn 0.07792157584773855 0.9939096815683712 -0.07792158174770411
vn 0.6054009122563015 0.5167004188729967 -0.6054010345016825
vn 0.059786398968308396 0.9941928901224245 -0.08947672171253691
vn 0.6054009122563015 0.5167004188729967 -0.6054010345016825
vn 0.4745296434875683 0.5200581858809284 -0.7101838499640772
vn 0.08947666400206081 0.9941928972103609 -0.05978636747228611
vn 0.10180940415134607 0.9939096862262727 -0.04217085310898876
vn 0.7909944746173657 0.5167004219545912 -0.3276406798258499
vn 0.08947666400206081 0.9941928972103609 -0.05978636747228611
vn 0.7909944746173657 0.5167004219545912 -0.3276406798258499
vn 0.7101837289699896 0.520058240878013 -0.4745297642942399
vn 0.10554506804298192 0.9941928792862651 -0.02099422273598393
vn 0.11019797985199269 0.99390965647615 3.4020079414757284e-8
vn 0.8561663517442045 0.516700278828083 1.8489279590148177e-8
vn 0.10554506804298192 0.9941928792862651 -0.02099422273598393
vn 0.8561663517442045 0.516700278828083 1.8489279590148177e-8
vn 0.8377190727027477 0.5200579338571873 -0.1666328318856821
vn -0.11176857739166708 0.8196210090737411 0.5618978435559132
vn -1.8037036380579466e-8 0.8230332053481926 0.5679932595500403
vn -5.381473678633364e-9 0.8459148709964458 0.5333179455325562
vn -0.11176857739166708 0.8196210090737411 0.5618978435559132
vn -5.381473678633364e-9 0.8459148709964458 0.5333179455325562
vn -0.10314376349890611 0.8488107783924688 0.5185379701970271
vn -0.3182889759748935 0.8196216786215774 0.4763532635622446
vn -0.2173616293951255 0.8230331688632894 0.5247573963438231
vn -0.2040919171836038 0.8459148947142907 0.49272150373292145
vn -0.3182889759748935 0.8196216786215774 0.4763532635622446
vn -0.2040919171836038 0.8459148947142907 0.49272150373292145
vn -0.2937275620100913 0.8488114786868569 0.43959435046988415
vn -0.47635312886005016 0.8196217420262123 0.31828901429857354
vn -0.4016312799559785 0.8230337322570672 0.40163141128144436
vn -0.37711190180037696 0.8459156092335515 0.37711191386050413
vn -0.47635312886005016 0.8196217420262123 0.31828901429857354
vn -0.37711190180037696 0.8459156092335515 0.37711191386050413
vn -0.4395942136090102 0.848811536808735 0.29372759887669636
vn -0.561897446180482 0.8196212738976483 0.11176863312328977
vn -0.5247569989879788 0.8230334278490815 0.21736160805469018
vn -0.49272098350805094 0.845915206791948 0.20409187962531675
vn -0.561897446180482 0.8196212738976483 0.11176863312328977
vn -0.49272098350805094 0.845915206791948 0.20409187962531675
vn -0.5185374477830674 0.8488110926401555 0.10314380377728984
vn 0.021516338684845676 0.998418134060248 -0.05194493959233715
vn -0.2040919171836038 0.8459148947142907 0.49272150373292145
vn -0.10314376349890611 0.8488107783924688 0.5185379701970271
vn 0.039757003645592315 0.9984181319973539 -0.03975694102969693
vn -0.37711190180037696 0.8459156092335515 0.37711191386050413
vn -0.2937275620100913 0.8488114786868569 0.43959435046988415
vn 0.05194499799313092 0.9984181316226415 -0.021516310804769883
vn -0.49272098350805094 0.845915206791948 0.20409187962531675
vn -0.4395942136090102 0.848811536808735 0.29372759887669636
vn 0.05622488315155921 0.9984181301011076 3.417439789809328e-8
vn -0.5333176791296284 0.84591503895355 2.895443928512414e-8
vn -0.5185374477830674 0.8488110926401555 0.10314380377728984
vn 1.4830056119557422e-10 0.9999999999999992 3.4339768424651584e-8
vn 0.021516338684845676 0.998418134060248 -0.05194493959233715
vn 0 0.9984181333814277 -0.05622482490097738
vn 1.4830056119557422e-10 0.9999999999999992 3.4339768424651584e-8
vn 0.039757003645592315 0.9984181319973539 -0.03975694102969693
vn 0.021516338684845676 0.998418134060248 -0.05194493959233715
vn 1.4830056119557422e-10 0.9999999999999992 3.4339768424651584e-8
vn 0.05194499799313092 0.9984181316226415 -0.021516310804769883
vn 0.039757003645592315 0.9984181319973539 -0.03975694102969693
vn 1.4830056119557422e-10 0.9999999999999992 3.4339768424651584e-8
vn 0.05622488315155921 0.9984181301011076 3.417439789809328e-8
vn 0.05194499799313092 0.9984181316226415 -0.021516310804769883
vn -0.561897446180482 0.8196212738976483 0.11176863312328977
vn -0.5679930413561078 0.8230333559285662 2.5499079151329938e-8
vn 0.11019797985199269 0.99390965647615 3.4020079414757284e-8
vn -0.561897446180482 0.8196212738976483 0.11176863312328977
vn 0.11019797985199269 0.99390965647615 3.4020079414757284e-8
vn 0.10554506804298192 0.9941928792862651 -0.02099422273598393
vn -0.47635312886005016 0.8196217420262123 0.31828901429857354
vn -0.5247569989879788 0.8230334278490815 0.21736160805469018
vn 0.10180940415134607 0.9939096862262727 -0.04217085310898876
vn -0.47635312886005016 0.8196217420262123 0.31828901429857354
vn 0.10180940415134607 0.9939096862262727 -0.04217085310898876
vn 0.08947666400206081 0.9941928972103609 -0.05978636747228611
vn -0.3182889759748935 0.8196216786215774 0.4763532635622446
vn -0.4016312799559785 0.8230337322570672 0.40163141128144436
vn 0.07792157584773855 0.9939096815683712 -0.07792158174770411
vn -0.3182889759748935 0.8196216786215774 0.4763532635622446
vn 0.07792157584773855 0.9939096815683712 -0.07792158174770411
vn 0.059786398968308396 0.9941928901224245 -0.08947672171253691
vn -0.11176857739166708 0.8196210090737411 0.5618978435559132
vn -0.2173616293951255 0.8230331688632894 0.5247573963438231
vn 0.04217094802685071 0.9939096649652354 -0.10180957239479188
vn -0.11176857739166708 0.8196210090737411 0.5618978435559132
vn 0.04217094802685071 0.9939096649652354 -0.10180957239479188
vn 0.020994288653907338 0.9941928671743583 -0.10554516902040191
vn 0.6845651202367805 -0.7289517104412347 -2.4924113942605496e-8
vn 0 -0.9999999999999992 -3.422854328266378e-8
vn 6.528376355102572e-9 -0.7289516176407141 -0.6845652190543905
vn 0.6845651202367805 -0.7289517104412347 -2.4924113942605496e-8
vn 6.528376355102572e-9 -0.7289516176407141 -0.6845652190543905
vn 0.1327125402715382 -0.7329692115760622 -0.667190764726432
vn 0.6845651202367805 -0.7289517104412347 -2.4924113942605496e-8
vn 0.1327125402715382 -0.7329692115760622 -0.667190764726432
vn 0.2619717340886992 -0.7289517337122976 -0.632455674696967
vn 0.6845651202367805 -0.7289517104412347 -2.4924113942605496e-8
vn 0.2619717340886992 -0.7289517337122976 -0.632455674696967
vn 0.3779332461197833 -0.732969136328615 -0.5656171025234717
vn 0.6845651202367805 -0.7289517104412347 -2.4924113942605496e-8
vn 0.3779332461197833 -0.732969136328615 -0.5656171025234717
vn 0.48406062864471877 -0.7289517357827134 -0.48406061055971994
vn 0.6845651202367805 -0.7289517104412347 -2.4924113942605496e-8
vn 0.48406062864471877 -0.7289517357827134 -0.48406061055971994
vn 0.5656170209674788 -0.7329691719065369 -0.3779332991766141
vn 0.6845651202367805 -0.7289517104412347 -2.4924113942605496e-8
vn 0.5656170209674788 -0.7329691719065369 -0.3779332991766141
vn 0.6324556402093185 -0.728951760352638 -0.2619717432209266
vn 0.6845651202367805 -0.7289517104412347 -2.4924113942605496e-8
vn 0.6324556402093185 -0.728951760352638 -0.2619717432209266
vn 0.6671907226062531 -0.7329692362480678 -0.13271261576078636
vn -1.8037036380579466e-8 0.8230332053481926 0.5679932595500403
vn -0.11176857739166708 0.8196210090737411 0.5618978435559132
vn 0.020994288653907338 0.9941928671743583 -0.10554516902040191
vn -1.8037036380579466e-8 0.8230332053481926 0.5679932595500403
vn 0.020994288653907338 0.9941928671743583 -0.10554516902040191
vn -1.459213754338754e-8 0.9939096524905936 -0.11019801579895812
vn -0.2173616293951255 0.8230331688632894 0.5247573963438231
vn -0.3182889759748935 0.8196216786215774 0.4763532635622446
vn 0.059786398968308396 0.9941928901224245 -0.08947672171253691
vn -0.2173616293951255 0.8230331688632894 0.5247573963438231
vn 0.059786398968308396 0.9941928901224245 -0.08947672171253691
vn 0.04217094802685071 0.9939096649652354 -0.10180957239479188
vn -0.4016312799559785 0.8230337322570672 0.40163141128144436
vn -0.47635312886005016 0.8196217420262123 0.31828901429857354
vn 0.08947666400206081 0.9941928972103609 -0.05978636747228611
vn -0.4016312799559785 0.8230337322570672 0.40163141128144436
vn 0.08947666400206081 0.9941928972103609 -0.05978636747228611
vn 0.07792157584773855 0.9939096815683712 -0.07792158174770411
vn -0.5247569989879788 0.8230334278490815 0.21736160805469018
vn -0.561897446180482 0.8196212738976483 0.11176863312328977
vn 0.10554506804298192 0.9941928792862651 -0.02099422273598393
vn -0.5247569989879788 0.8230334278490815 0.21736160805469018
vn 0.10554506804298192 0.9941928792862651 -0.02099422273598393
vn 0.10180940415134607 0.9939096862262727 -0.04217085310898876
vn -0.5679930413561078 0.8230333559285662 2.5499079151329938e-8
vn -0.561897446180482 0.8196212738976483 0.11176863312328977
vn -0.5185374477830674 0.8488110926401555 0.10314380377728984
vn -0.5679930413561078 0.8230333559285662 2.5499079151329938e-8
vn -0.5185374477830674 0.8488110926401555 0.10314380377728984
vn -0.5333176791296284 0.84591503895355 2.895443928512414e-8
vn -0.5247569989879788 0.8230334278490815 0.21736160805469018
vn -0.47635312886005016 0.8196217420262123 0.31828901429857354
vn -0.4395942136090102 0.848811536808735 0.29372759887669636
vn -0.5247569989879788 0.8230334278490815 0.21736160805469018
vn -0.4395942136090102 0.848811536808735 0.29372759887669636
vn -0.49272098350805094 0.845915206791948 0.20409187962531675
vn -0.4016312799559785 0.8230337322570672 0.40163141128144436
vn -0.3182889759748935 0.8196216786215774 0.4763532635622446
vn -0.2937275620100913 0.8488114786868569 0.43959435046988415
vn -0.4016312799559785 0.8230337322570672 0.40163141128144436
vn -0.2937275620100913 0.8488114786868569 0.43959435046988415
vn -0.37711190180037696 0.8459156092335515 0.37711191386050413
vn -0.2173616293951255 0.8230331688632894 0.5247573963438231
vn -0.11176857739166708 0.8196210090737411 0.5618978435559132
vn -0.10314376349890611 0.8488107783924688 0.5185379701970271
vn -0.2173616293951255 0.8230331688632894 0.5247573963438231
vn -0.10314376349890611 0.8488107783924688 0.5185379701970271
vn -0.2040919171836038 0.8459148947142907 0.49272150373292145
vn 0.10180940415134607 0.9939096862262727 -0.04217085310898876
vn 0.10554506804298192 0.9941928792862651 -0.02099422273598393
vn 0.8377190727027477 0.5200579338571873 -0.1666328318856821
vn 0.10180940415134607 0.9939096862262727 -0.04217085310898876
vn 0.8377190727027477 0.5200579338571873 -0.1666328318856821
vn 0.7909944746173657 0.5167004219545912 -0.3276406798258499
vn 0.07792157584773855 0.9939096815683712 -0.07792158174770411
vn 0.08947666400206081 0.9941928972103609 -0.05978636747228611
vn 0.7101837289699896 0.520058240878013 -0.4745297642942399
vn 0.07792157584773855 0.9939096815683712 -0.07792158174770411
vn 0.7101837289699896 0.520058240878013 -0.4745297642942399
vn 0.6054009122563015 0.5167004188729967 -0.6054010345016825
vn 0.04217094802685071 0.9939096649652354 -0.10180957239479188
vn 0.059786398968308396 0.9941928901224245 -0.08947672171253691
vn 0.4745296434875683 0.5200581858809284 -0.7101838499640772
vn 0.04217094802685071 0.9939096649652354 -0.10180957239479188
vn 0.4745296434875683 0.5200581858809284 -0.7101838499640772
vn 0.32764070173068655 0.5167003555499106 -0.7909945089215344
vn -1.459213754338754e-8 0.9939096524905936 -0.11019801579895812
vn 0.020994288653907338 0.9941928671743583 -0.10554516902040191
vn 0.16663278017878874 0.5200580629302918 -0.8377190028590017
vn -1.459213754338754e-8 0.9939096524905936 -0.11019801579895812
vn 0.16663278017878874 0.5200580629302918 -0.8377190028590017
vn -6.427053756145372e-9 0.5167002951692792 -0.8561663418822185
vn 0.6324556402093185 -0.728951760352638 -0.2619717432209266
vn 0.7909944746173657 0.5167004219545912 -0.3276406798258499
vn 0.8377190727027477 0.5200579338571873 -0.1666328318856821
vn 0.6324556402093185 -0.728951760352638 -0.2619717432209266
vn 0.8377190727027477 0.5200579338571873 -0.1666328318856821
vn 0.6671907226062531 -0.7329692362480678 -0.13271261576078636
vn 0.48406062864471877 -0.7289517357827134 -0.48406061055971994
vn 0.6054009122563015 0.5167004188729967 -0.6054010345016825
vn 0.7101837289699896 0.520058240878013 -0.4745297642942399
vn 0.48406062864471877 -0.7289517357827134 -0.48406061055971994
vn 0.7101837289699896 0.520058240878013 -0.4745297642942399
vn 0.5656170209674788 -0.7329691719065369 -0.3779332991766141
vn 0.2619717340886992 -0.7289517337122976 -0.632455674696967
vn 0.32764070173068655 0.5167003555499106 -0.7909945089215344
vn 0.4745296434875683 0.5200581858809284 -0.7101838499640772
vn 0.2619717340886992 -0.7289517337122976 -0.632455674696967
vn 0.4745296434875683 0.5200581858809284 -0.7101838499640772
vn 0.3779332461197833 -0.732969136328615 -0.5656171025234717
vn 6.528376355102572e-9 -0.7289516176407141 -0.6845652190543905
vn -6.427053756145372e-9 0.5167002951692792 -0.8561663418822185
vn 0.16663278017878874 0.5200580629302918 -0.8377190028590017
vn 6.528376355102572e-9 -0.7289516176407141 -0.6845652190543905
vn 0.16663278017878874 0.5200580629302918 -0.8377190028590017
vn 0.1327125402715382 -0.7329692115760622 -0.667190764726432
vn -5.381473678633364e-9 0.8459148709964458 0.5333179455325562
vn 0 0.9984181333814277 -0.05622482490097738
vn -0.10314376349890611 0.8488107783924688 0.5185379701970271
vn 0 0.9984181333814277 -0.05622482490097738
vn 0.021516338684845676 0.998418134060248 -0.05194493959233715
vn -0.10314376349890611 0.8488107783924688 0.5185379701970271
vn -0.2040919171836038 0.8459148947142907 0.49272150373292145
vn 0.021516338684845676 0.998418134060248 -0.05194493959233715
vn -0.2937275620100913 0.8488114786868569 0.43959435046988415
vn 0.021516338684845676 0.998418134060248 -0.05194493959233715
vn 0.039757003645592315 0.9984181319973539 -0.03975694102969693
vn -0.2937275620100913 0.8488114786868569 0.43959435046988415
vn -0.37711190180037696 0.8459156092335515 0.37711191386050413
vn 0.039757003645592315 0.9984181319973539 -0.03975694102969693
vn -0.4395942136090102 0.848811536808735 0.29372759887669636
vn 0.039757003645592315 0.9984181319973539 -0.03975694102969693
vn 0.05194499799313092 0.9984181316226415 -0.021516310804769883
vn -0.4395942136090102 0.848811536808735 0.29372759887669636
vn -0.49272098350805094 0.845915206791948 0.20409187962531675
vn 0.05194499799313092 0.9984181316226415 -0.021516310804769883
vn -0.5185374477830674 0.8488110926401555 0.10314380377728984
vn 0.05194499799313092 0.9984181316226415 -0.021516310804769883
vn 0.05622488315155921 0.9984181301011076 3.417439789809328e-8
vn -0.5185374477830674 0.8488110926401555 0.10314380377728984
f 1/1/1 2/2/2 3/3/3
f 4/4/4 5/5/5 6/6/6
f 7/7/7 8/8/8 9/9/9
f 10/10/10 11/11/11 12/12/12
f 13/13/13 14/14/14 15/15/15
f 16/16/16 17/17/17 18/18/18
f 19/19/19 20/20/20 21/21/21
f 22/22/22 23/23/23 24/24/24
f 25/25/25 26/26/26 27/27/27
f 28/28/28 29/29/29 30/30/30
f 31/31/31 32/32/32 33/33/33
f 34/34/34 35/35/35 36/36/36
f 37/37/37 38/38/38 39/39/39
f 40/40/40 41/41/41 42/42/42
f 43/43/43 44/44/44 45/45/45
f 46/46/46 47/47/47 48/48/48
f 49/49/49 50/50/50 51/51/51
f 52/52/52 53/53/53 54/54/54
f 55/55/55 56/56/56 57/57/57
f 58/58/58 59/59/59 60/60/60
f 61/61/61 62/62/62 63/63/63
f 64/64/64 65/65/65 66/66/66
f 67/67/67 68/68/68 69/69/69
f 70/70/70 71/71/71 72/72/72
f 73/73/73 74/74/74 75/75/75
f 76/76/76 77/77/77 78/78/78
f 79/79/79 80/80/80 81/81/81
f 82/82/82 83/83/83 84/84/84
f 85/85/85 86/86/86 87/87/87
f 88/88/88 89/89/89 90/90/90
f 91/91/91 92/92/92 93/93/93
f 94/94/94 95/95/95 96/96/96
f 97/97/97 98/98/98 99/99/99
f 100/100/100 101/101/101 102/102/102
f 103/103/103 104/104/104 105/105/105
f 106/106/106 107/107/107 108/108/108
f 109/109/109 110/110/110 111/111/111
f 112/112/112 113/113/113 114/114/114
f 115/115/115 116/116/116 117/117/117
f 118/118/118 119/119/119 120/120/120
f 121/121/121 122/122/122 123/123/123
f 124/124/124 125/125/125 126/126/126
f 127/127/127 128/128/128 129/129/129
f 130/130/130 131/131/131 132/132/132
f 133/133/133 134/134/134 135/135/135
f 136/136/136 137/137/137 138/138/138
f 139/139/139 140/140/140 141/141/141
f 142/142/142 143/143/143 144/144/144
f 145/145/145 146/146/146 147/147/147
f 148/148/148 149/149/149 150/150/150
f 151/151/151 152/152/152 153/153/153
f 154/154/154 155/155/155 156/156/156
f 157/157/157 158/158/158 159/159/159
f 160/160/160 161/161/161 162/162/162
f 163/163/163 164/164/164 165/165/165
f 166/166/166 167/167/167 168/168/168
f 169/169/169 170/170/170 171/171/171
f 172/172/172 173/173/173 174/174/174
f 175/175/175 176/176/176 177/177/177
f 178/178/178 179/179/179 180/180/180
f 181/181/181 182/182/182 183/183/183
f 184/184/184 185/185/185 186/186/186
f 187/187/187 188/188/188 189/189/189
f 190/190/190 191/191/191 192/192/192
f 193/193/193 194/194/194 195/195/195
f 196/196/196 197/197/197 198/198/198
f 199/199/199 200/200/200 201/201/201
f 202/202/202 203/203/203 204/204/204
f 205/205/205 206/206/206 207/207/207
f 208/208/208 209/209/209 210/210/210
f 211/211/211 212/212/212 213/213/213
f 214/214/214 215/215/215 216/216/216
f 217/217/217 218/218/218 219/219/219
f 220/220/220 221/221/221 222/222/222
f 223/223/223 224/224/224 225/225/225
f 226/226/226 227/227/227 228/228/228
f 229/229/229 230/230/230 231/231/231
f 232/232/232 233/233/233 234/234/234
f 235/235/235 236/236/236 237/237/237
f 238/238/238 239/239/239 240/240/240
f 241/241/241 242/242/242 243/243/243
f 244/244/244 245/245/245 246/246/246
f 247/247/247 248/248/248 249/249/249
f 250/250/250 251/251/251 252/252/252
f 253/253/253 254/254/254 255/255/255
f 256/256/256 257/257/257 258/258/258
f 259/259/259 260/260/260 261/261/261
f 262/262/262 263/263/263 264/264/264
f 265/265/265 266/266/266 267/267/267
f 268/268/268 269/269/269 270/270/270
f 271/271/271 272/272/272 273/273/273
f 274/274/274 275/275/275 276/276/276
f 277/277/277 278/278/278 279/279/279
f 280/280/280 281/281/281 282/282/282
f 283/283/283 284/284/284 285/285/285
f 286/286/286 287/287/287 288/288/288
f 289/289/289 290/290/290 291/291/291
f 292/292/292 293/293/293 294/294/294
f 295/295/295 296/296/296 297/297/297
f 298/298/298 299/299/299 300/300/300
f 301/301/301 302/302/302 303/303/303
f 304/304/304 305/305/305 306/306/306
f 307/307/307 308/308/308 309/309/309
f 310/310/310 311/311/311 312/312/312
f 313/313/313 314/314/314 315/315/315
f 316/316/316 317/317/317 318/318/318
f 319/319/319 320/320/320 321/321/321
f 322/322/322 323/323/323 324/324/324
f 325/325/325 326/326/326 327/327/327
f 328/328/328 329/329/329 330/330/330
f 331/331/331 332/332/332 333/333/333
f 334/334/334 335/335/335 336/336/336
f 337/337/337 338/338/338 339/339/339
f 340/340/340 341/341/341 342/342/342
f 343/343/343 344/344/344 345/345/345
f 346/346/346 347/347/347 348/348/348
f 349/349/349 350/350/350 351/351/351
f 352/352/352 353/353/353 354/354/354
f 355/355/355 356/356/356 357/357/357
f 358/358/358 359/359/359 360/360/360
f 361/361/361 362/362/362 363/363/363
f 364/364/364 365/365/365 366/366/366
f 367/367/367 368/368/368 369/369/369
f 370/370/370 371/371/371 372/372/372
f 373/373/373 374/374/374 375/375/375
f 376/376/376 377/377/377 378/378/378
f 379/379/379 380/380/380 381/381/381
f 382/382/382 383/383/383 384/384/384
f 385/385/385 386/386/386 387/387/387
f 388/388/388 389/389/389 390/390/390
f 391/391/391 392/392/392 393/393/393
f 394/394/394 395/395/395 396/396/396
f 397/397/397 398/398/398 399/399/399
f 400/400/400 401/401/401 402/402/402
f 403/403/403 404/404/404 405/405/405
f 406/406/406 407/407/407 408/408/408
f 409/409/409 410/410/410 411/411/411
f 412/412/412 413/413/413 414/414/414
f 415/415/415 416/416/416 417/417/417
f 418/418/418 419/419/419 420/420/420
f 421/421/421 422/422/422 423/423/423
f 424/424/424 425/425/425 426/426/426
f 427/427/427 428/428/428 429/429/429
f 430/430/430 431/431/431 432/432/432
f 433/433/433 434/434/434 435/435/435
f 436/436/436 437/437/437 438/438/438
f 439/439/439 440/440/440 441/441/441
f 442/442/442 443/443/443 444/444/444
f 445/445/445 446/446/446 447/447/447
f 448/448/448 449/449/449 450/450/450
f 451/451/451 452/452/452 453/453/453
f 454/454/454 455/455/455 456/456/456
f 457/457/457 458/458/458 459/459/459
f 460/460/460 461/461/461 462/462/462
f 463/463/463 464/464/464 465/465/465
f 466/466/466 467/467/467 468/468/468
f 469/469/469 470/470/470 471/471/471
f 472/472/472 473/473/473 474/474/474
f 475/475/475 476/476/476 477/477/477
f 478/478/478 479/479/479 480/480/480
f 481/481/481 482/482/482 483/483/483
f 484/484/484 485/485/485 486/486/486
f 487/487/487 488/488/488 489/489/489
f 490/490/490 491/491/491 492/492/492
f 493/493/493 494/494/494 495/495/495
f 496/496/496 497/497/497 498/498/498
f 499/499/499 500/500/500 501/501/501
f 502/502/502 503/503/503 504/504/504
f 505/505/505 506/506/506 507/507/507
f 508/508/508 509/509/509 510/510/510
f 511/511/511 512/512/512 513/513/513
f 514/514/514 515/515/515 516/516/516
f 517/517/517 518/518/518 519/519/519
f 520/520/520 521/521/521 522/522/522
f 523/523/523 524/524/524 525/525/525
f 526/526/526 527/527/527 528/528/528
f 529/529/529 530/530/530 531/531/531
f 532/532/532 533/533/533 534/534/534
f 535/535/535 536/536/536 537/537/537
f 538/538/538 539/539/539 540/540/540
f 541/541/541 542/542/542 543/543/543
f 544/544/544 545/545/545 546/546/546
f 547/547/547 548/548/548 549/549/549
f 550/550/550 551/551/551 552/552/552
f 553/553/553 554/554/554 555/555/555
f 556/556/556 557/557/557 558/558/558
f 559/559/559 560/560/560 561/561/561
f 562/562/562 563/563/563 564/564/564
f 565/565/565 566/566/566 567/567/567
f 568/568/568 569/569/569 570/570/570
f 571/571/571 572/572/572 573/573/573
f 574/574/574 575/575/575 576/576/576
f 577/577/577 578/578/578 579/579/579
f 580/580/580 581/581/581 582/582/582
f 583/583/583 584/584/584 585/585/585
f 586/586/586 587/587/587 588/588/588
f 589/589/589 590/590/590 591/591/591
f 592/592/592 593/593/593 594/594/594
f 595/595/595 596/596/596 597/597/597
f 598/598/598 599/599/599 600/600/600
f 601/601/601 602/602/602 603/603/603
f 604/604/604 605/605/605 606/606/606
f 607/607/607 608/608/608 609/609/609
f 610/610/610 611/611/611 612/612/612
f 613/613/613 614/614/614 615/615/615
f 616/616/616 617/617/617 618/618/618
f 619/619/619 620/620/620 621/621/621
f 622/622/622 623/623/623 624/624/624
f 625/625/625 626/626/626 627/627/627
f 628/628/628 629/629/629 630/630/630
f 631/631/631 632/632/632 633/633/633
f 634/634/634 635/635/635 636/636/636
f 637/637/637 638/638/638 639/639/639
f 640/640/640 641/641/641 642/642/642
f 643/643/643 644/644/644 645/645/645
f 646/646/646 647/647/647 648/648/648
f 649/649/649 650/650/650 651/651/651
f 652/652/652 653/653/653 654/654/654
f 655/655/655 656/656/656 657/657/657
f 658/658/658 659/659/659 660/660/660
f 661/661/661 662/662/662 663/663/663
f 664/664/664 665/665/665 666/666/666
f 667/667/667 668/668/668 669/669/669
f 670/670/670 671/671/671 672/672/672
f 673/673/673 674/674/674 675/675/675
f 676/676/676 677/677/677 678/678/678
f 679/679/679 680/680/680 681/681/681
f 682/682/682 683/683/683 684/684/684
f 685/685/685 686/686/686 687/687/687
f 688/688/688 689/689/689 690/690/690
f 691/691/691 692/692/692 693/693/693
f 694/694/694 695/695/695 696/696/696
f 697/697/697 698/698/698 699/699/699
f 700/700/700 701/701/701 702/702/702
f 703/703/703 704/704/704 705/705/705
f 706/706/706 707/707/707 708/708/708
f 709/709/709 710/710/710 711/711/711
f 712/712/712 713/713/713 714/714/714
f 715/715/715 716/716/716 717/717/717
f 718/718/718 719/719/719 720/720/720
f 721/721/721 722/722/722 723/723/723
f 724/724/724 725/725/725 726/726/726
f 727/727/727 728/728/728 729/729/729
f 730/730/730 731/731/731 732/732/732
f 733/733/733 734/734/734 735/735/735
f 736/736/736 737/737/737 738/738/738
f 739/739/739 740/740/740 741/741/741
f 742/742/742 743/743/743 744/744/744
f 745/745/745 746/746/746 747/747/747
f 748/748/748 749/749/749 750/750/750
f 751/751/751 752/752/752 753/753/753
f 754/754/754 755/755/755 756/756/756
f 757/757/757 758/758/758 759/759/759
f 760/760/760 761/761/761 762/762/762
f 763/763/763 764/764/764 765/765/765
f 766/766/766 767/767/767 768/768/768
f 769/769/769 770/770/770 771/771/771
f 772/772/772 773/773/773 774/774/774
f 775/775/775 776/776/776 777/777/777
f 778/778/778 779/779/779 780/780/780
f 781/781/781 782/782/782 783/783/783
f 784/784/784 785/785/785 786/786/786
f 787/787/787 788/788/788 789/789/789
f 790/790/790 791/791/791 792/792/792
f 793/793/793 794/794/794 795/795/795
f 796/796/796 797/797/797 798/798/798
f 799/799/799 800/800/800 801/801/801
f 802/802/802 803/803/803 804/804/804
f 805/805/805 806/806/806 807/807/807
f 808/808/808 809/809/809 810/810/810
f 811/811/811 812/812/812 813/813/813
f 814/814/814 815/815/815 816/816/816
f 817/817/817 818/818/818 819/819/819
f 820/820/820 821/821/821 822/822/822
f 823/823/823 824/824/824 825/825/825
f 826/826/826 827/827/827 828/828/828
f 829/829/829 830/830/830 831/831/831
f 832/832/832 833/833/833 834/834/834
f 835/835/835 836/836/836 837/837/837
f 838/838/838 839/839/839 840/840/840
f 841/841/841 842/842/842 843/843/843
f 844/844/844 845/845/845 846/846/846
f 847/847/847 848/848/848 849/849/849
f 850/850/850 851/851/851 852/852/852
f 853/853/853 854/854/854 855/855/855
f 856/856/856 857/857/857 858/858/858
f 859/859/859 860/860/860 861/861/861
f 862/862/862 863/863/863 864/864/864
f 865/865/865 866/866/866 867/867/867
f 868/868/868 869/869/869 870/870/870
f 871/871/871 872/872/872 873/873/873
f 874/874/874 875/875/875 876/876/876
f 877/877/877 878/878/878 879/879/879
f 880/880/880 881/881/881 882/882/882
f 883/883/883 884/884/884 885/885/885
f 886/886/886 887/887/887 888/888/888
f 889/889/889 890/890/890 891/891/891
f 892/892/892 893/893/893 894/894/894
f 895/895/895 896/896/896 897/897/897
f 898/898/898 899/899/899 900/900/900
f 901/901/901 902/902/902 903/903/903
f 904/904/904 905/905/905 906/906/906
f 907/907/907 908/908/908 909/909/909
f 910/910/910 911/911/911 912/912/912
f 913/913/913 914/914/914 915/915/915
f 916/916/916 917/917/917 918/918/918
f 919/919/919 920/920/920 921/921/921
f 922/922/922 923/923/923 924/924/924
f 925/925/925 926/926/926 927/927/927
f 928/928/928 929/929/929 930/930/930
f 931/931/931 932/932/932 933/933/933
f 934/934/934 935/935/935 936/936/936
f 937/937/937 938/938/938 939/939/939
f 940/940/940 941/941/941 942/942/942
f 943/943/943 944/944/944 945/945/945
f 946/946/946 947/947/947 948/948/948
f 949/949/949 950/950/950 951/951/951
f 952/952/952 953/953/953 954/954/954
f 955/955/955 956/956/956 957/957/957
f 958/958/958 959/959/959 960/960/960
f 961/961/961 962/962/962 963/963/963
f 964/964/964 965/965/965 966/966/966
f 967/967/967 968/968/968 969/969/969
f 970/970/970 971/971/971 972/972/972
f 973/973/973 974/974/974 975/975/975
f 976/976/976 977/977/977 978/978/978
f 979/979/979 980/980/980 981/981/981
f 982/982/982 983/983/983 984/984/984
f 985/985/985 986/986/986 987/987/987
f 988/988/988 989/989/989 990/990/990
f 991/991/991 992/992/992 993/993/993
f 994/994/994 995/995/995 996/996/996
f 997/997/997 998/998/998 999/999/999
f 1000/1000/1000 1001/1001/1001 1002/1002/1002
f 1003/1003/1003 1004/1004/1004 1005/1005/1005
f 1006/1006/1006 1007/1007/1007 1008/1008/1008
f 1009/1009/1009 1010/1010/1010 1011/1011/1011
f 1012/1012/1012 1013/1013/1013 1014/1014/1014
f 1015/1015/1015 1016/1016/1016 1017/1017/1017
f 1018/1018/1018 1019/1019/1019 1020/1020/1020
f 1021/1021/1021 1022/1022/1022 1023/1023/1023
f 1024/1024/1024 1025/1025/1025 1026/1026/1026
f 1027/1027/1027 1028/1028/1028 1029/1029/1029
f 1030/1030/1030 1031/1031/1031 1032/1032/1032
f 1033/1033/1033 1034/1034/1034 1035/1035/1035
f 1036/1036/1036 1037/1037/1037 1038/1038/1038
f 1039/1039/1039 1040/1040/1040 1041/1041/1041
f 1042/1042/1042 1043/1043/1043 1044/1044/1044
f 1045/1045/1045 1046/1046/1046 1047/1047/1047
f 1048/1048/1048 1049/1049/1049 1050/1050/1050
f 1051/1051/1051 1052/1052/1052 1053/1053/1053
f 1054/1054/1054 1055/1055/1055 1056/1056/1056
